{
    "global_rms": 0.8001985762318575,
    "per_view": {
        "0": {
            "mean": 0.3196708686039181,
            "median": 0.24411150114643584,
            "std": 0.2626847402664208,
            "count": 383
        },
        "4": {
            "mean": 0.9542537714585916,
            "median": 0.8862165504223227,
            "std": 0.5210559566390986,
            "count": 348
        },
        "1": {
            "mean": 0.5326341633427305,
            "median": 0.48020202541269186,
            "std": 0.32664133590446176,
            "count": 325
        },
        "3": {
            "mean": 0.7528461162446146,
            "median": 0.7664811315347545,
            "std": 0.42244187882162193,
            "count": 349
        },
        "5": {
            "mean": 0.4021790767957369,
            "median": 0.3677857433494198,
            "std": 0.23867291438551438,
            "count": 357
        },
        "6": {
            "mean": 0.33104333959572235,
            "median": 0.2781211966520776,
            "std": 0.2611800263267558,
            "count": 358
        },
        "8": {
            "mean": 0.4572572475232828,
            "median": 0.39254135718636546,
            "std": 0.3261399064684446,
            "count": 315
        },
        "22": {
            "mean": 0.5908459572371448,
            "median": 0.5319330212563594,
            "std": 0.365590722712751,
            "count": 188
        },
        "2": {
            "mean": 0.7321225175182321,
            "median": 0.67877239802522,
            "std": 0.39897111592274914,
            "count": 274
        },
        "7": {
            "mean": 0.329860705209006,
            "median": 0.26059850187696193,
            "std": 0.28753455704040526,
            "count": 346
        },
        "9": {
            "mean": 0.40641897292919815,
            "median": 0.33445511544254064,
            "std": 0.30172549479876487,
            "count": 263
        },
        "10": {
            "mean": 0.5015135256903289,
            "median": 0.3979474471834443,
            "std": 0.39363233026472627,
            "count": 242
        },
        "11": {
            "mean": 0.5182493758295011,
            "median": 0.39859867055705483,
            "std": 0.3470325907830195,
            "count": 245
        },
        "12": {
            "mean": 0.7105071001629003,
            "median": 0.5319030510390703,
            "std": 0.5217416792500139,
            "count": 237
        },
        "13": {
            "mean": 0.8191467715966164,
            "median": 0.7328493372130305,
            "std": 0.4939338743323729,
            "count": 252
        },
        "14": {
            "mean": 0.853093915040142,
            "median": 0.705448083923384,
            "std": 0.5774058374076763,
            "count": 249
        },
        "15": {
            "mean": 0.7797504765395559,
            "median": 0.6911981938957713,
            "std": 0.3980696279397557,
            "count": 267
        },
        "16": {
            "mean": 1.0220520760432477,
            "median": 1.0110862307646284,
            "std": 0.46057613663820196,
            "count": 247
        },
        "17": {
            "mean": 0.9209909148914589,
            "median": 0.8657404610969438,
            "std": 0.5160288546784355,
            "count": 255
        },
        "18": {
            "mean": 0.6835436716039867,
            "median": 0.6339738418850148,
            "std": 0.407445552006053,
            "count": 254
        },
        "19": {
            "mean": 0.7049884979579355,
            "median": 0.6094119414816979,
            "std": 0.46286170689449463,
            "count": 192
        },
        "20": {
            "mean": 0.6520167247990767,
            "median": 0.6200170307071158,
            "std": 0.3585118393242547,
            "count": 215
        },
        "21": {
            "mean": 0.5559279859500518,
            "median": 0.4732526080594094,
            "std": 0.35702435582395453,
            "count": 234
        },
        "23": {
            "mean": 0.6752186160757424,
            "median": 0.6248829134971402,
            "std": 0.37016448426475973,
            "count": 255
        },
        "25": {
            "mean": 0.5285730799692177,
            "median": 0.4490662376239974,
            "std": 0.3797704209253754,
            "count": 241
        },
        "27": {
            "mean": 0.6114022830383772,
            "median": 0.49155331839841887,
            "std": 0.47787460221646577,
            "count": 257
        },
        "28": {
            "mean": 0.41857803936812027,
            "median": 0.36677154540603946,
            "std": 0.29657757430016485,
            "count": 237
        },
        "30": {
            "mean": 0.949343195065946,
            "median": 0.8279020861892207,
            "std": 0.6067923408300556,
            "count": 301
        },
        "26": {
            "mean": 0.5033764544457995,
            "median": 0.41227373770017983,
            "std": 0.40617509068289964,
            "count": 232
        },
        "24": {
            "mean": 0.6287239227696342,
            "median": 0.5340720797617187,
            "std": 0.4753387661746549,
            "count": 232
        },
        "29": {
            "mean": 0.9017746272490618,
            "median": 0.6915811116210113,
            "std": 0.6249765349286427,
            "count": 338
        },
        "31": {
            "mean": 0.9734256443999587,
            "median": 0.7985320287375999,
            "std": 0.603001829734112,
            "count": 334
        }
    }
}