{
    "global_rms": 15.371032018799662,
    "per_view": {
        "0": {
            "mean": 2.987175118118015,
            "median": 2.611652902800242,
            "std": 2.246585514998084,
            "count": 441
        },
        "1": {
            "mean": 3.2739247756736147,
            "median": 2.9230991072584196,
            "std": 2.837423892087083,
            "count": 432
        },
        "3": {
            "mean": 3.4117912591650885,
            "median": 2.518778090454768,
            "std": 3.4136285461818967,
            "count": 439
        },
        "4": {
            "mean": 3.5549503925228656,
            "median": 2.970437331424983,
            "std": 3.1609064671564613,
            "count": 435
        },
        "5": {
            "mean": 3.47980858397723,
            "median": 2.8412826480610693,
            "std": 3.402420365665692,
            "count": 435
        },
        "6": {
            "mean": 3.454778252384317,
            "median": 2.9745481014832147,
            "std": 3.054541262809955,
            "count": 417
        },
        "7": {
            "mean": 3.653836869960615,
            "median": 3.3225014884006416,
            "std": 3.0761499246265425,
            "count": 412
        },
        "8": {
            "mean": 3.6539569496586135,
            "median": 3.464221949440306,
            "std": 2.903894407560719,
            "count": 420
        },
        "22": {
            "mean": 5.529697321345309,
            "median": 5.477511664258728,
            "std": 5.16746390143352,
            "count": 276
        },
        "29": {
            "mean": 6.3359322224300385,
            "median": 6.865623506850396,
            "std": 4.276509326567755,
            "count": 372
        },
        "30": {
            "mean": 6.662925351897842,
            "median": 7.251976975770901,
            "std": 4.530109181933377,
            "count": 322
        },
        "2": {
            "mean": 5.162256988430787,
            "median": 4.766320030160475,
            "std": 3.0608193289089773,
            "count": 339
        },
        "14": {
            "mean": 3.094418229697976,
            "median": 1.7972198736717462,
            "std": 5.7809384388765634,
            "count": 359
        },
        "21": {
            "mean": 7.760858466656948,
            "median": 6.74888331622708,
            "std": 5.210716430521499,
            "count": 245
        },
        "23": {
            "mean": 6.473620123191939,
            "median": 5.40457937065384,
            "std": 8.00937918283604,
            "count": 331
        },
        "11": {
            "mean": 2.086261780227217,
            "median": 1.2406598794078,
            "std": 5.1742743197742405,
            "count": 341
        },
        "16": {
            "mean": 4.675006809770129,
            "median": 2.3653616684180214,
            "std": 20.1925918830088,
            "count": 363
        },
        "9": {
            "mean": 2.2291055165008475,
            "median": 1.543967178054781,
            "std": 4.693799651935475,
            "count": 333
        },
        "15": {
            "mean": 3.9273419576907598,
            "median": 2.264489622668126,
            "std": 7.432055459720819,
            "count": 362
        },
        "28": {
            "mean": 5.438953915985288,
            "median": 5.446145296889012,
            "std": 3.1620788602381156,
            "count": 306
        },
        "20": {
            "mean": 9.941644407233241,
            "median": 9.255340164158786,
            "std": 10.163575987518037,
            "count": 216
        },
        "17": {
            "mean": 5.111168235749179,
            "median": 2.440556160163207,
            "std": 16.697694708324487,
            "count": 351
        },
        "10": {
            "mean": 3.299665088234139,
            "median": 3.5188591548548227,
            "std": 2.364410428210821,
            "count": 315
        },
        "12": {
            "mean": 3.1498916662050434,
            "median": 1.8745940595489692,
            "std": 4.5972706731381185,
            "count": 337
        },
        "24": {
            "mean": 5.694167643984888,
            "median": 4.822910524599182,
            "std": 8.712204253838765,
            "count": 326
        },
        "25": {
            "mean": 7.317310261147281,
            "median": 4.878944981232403,
            "std": 42.1359906411068,
            "count": 325
        },
        "26": {
            "mean": 6.312587132915389,
            "median": 3.0630033910007395,
            "std": 43.379598040358275,
            "count": 326
        },
        "13": {
            "mean": 4.3871892175639005,
            "median": 4.112779960664067,
            "std": 6.078332802192295,
            "count": 332
        },
        "18": {
            "mean": 4.151799690205163,
            "median": 3.1087450758673336,
            "std": 12.027764366774596,
            "count": 367
        },
        "27": {
            "mean": 6.078841176364701,
            "median": 2.9818996059850353,
            "std": 42.162188378306595,
            "count": 316
        },
        "19": {
            "mean": 14.544803112724082,
            "median": 17.31386879987945,
            "std": 6.992746212477143,
            "count": 16
        }
    }
}