{
    "global_rms": 89.98145184267318,
    "per_view": {
        "1": {
            "mean": 48.823830797680465,
            "median": 2.0244706778786035,
            "std": 90.37928459576378,
            "count": 15
        },
        "4": {
            "mean": 73.06830369570599,
            "median": 1.4989655130923432,
            "std": 238.80162155614903,
            "count": 18
        },
        "0": {
            "mean": 23.901651590408072,
            "median": 1.2504597542190639,
            "std": 48.79829225891974,
            "count": 14
        },
        "12": {
            "mean": 24.459953333483952,
            "median": 1.9557980748027224,
            "std": 32.76534564908937,
            "count": 14
        },
        "7": {
            "mean": 27.48249090308454,
            "median": 1.8558043734697731,
            "std": 51.329058845035746,
            "count": 19
        },
        "10": {
            "mean": 54.31578108985008,
            "median": 42.38777855336832,
            "std": 50.66360017509321,
            "count": 8
        },
        "15": {
            "mean": 44.810391137737135,
            "median": 18.109812396848643,
            "std": 60.269600416565446,
            "count": 18
        },
        "16": {
            "mean": 44.18119427156631,
            "median": 12.244552877497286,
            "std": 60.90337757446545,
            "count": 17
        },
        "17": {
            "mean": 66.68310253847832,
            "median": 2.335022216668454,
            "std": 92.9408791865456,
            "count": 10
        },
        "20": {
            "mean": 18.789239304090234,
            "median": 1.590615400995047,
            "std": 52.40902319183638,
            "count": 38
        },
        "21": {
            "mean": 1.08254015675901,
            "median": 0.992813243890164,
            "std": 0.7842194608179663,
            "count": 40
        },
        "24": {
            "mean": 108.92260055821733,
            "median": 82.91548799185945,
            "std": 89.22913927212356,
            "count": 15
        },
        "25": {
            "mean": 60.381924728095164,
            "median": 42.718999249544055,
            "std": 66.1908420350293,
            "count": 8
        },
        "26": {
            "mean": 58.02929514211997,
            "median": 46.21582516541615,
            "std": 67.39237725328675,
            "count": 13
        },
        "27": {
            "mean": 64.81372926680851,
            "median": 87.38541323815637,
            "std": 43.29235597430271,
            "count": 13
        },
        "8": {
            "mean": 9.974574128708122,
            "median": 1.4364794314360725,
            "std": 22.7030236311011,
            "count": 10
        },
        "5": {
            "mean": 27.22798033824251,
            "median": 1.9507727464839195,
            "std": 60.09506200459626,
            "count": 13
        },
        "14": {
            "mean": 9.504162087759052,
            "median": 1.5107548335302077,
            "std": 27.997466425982335,
            "count": 25
        },
        "13": {
            "mean": 3.6199253776557625,
            "median": 1.6472249664407754,
            "std": 5.815644748415454,
            "count": 22
        },
        "9": {
            "mean": 27.691285650804783,
            "median": 17.0727022243507,
            "std": 33.200279778679906,
            "count": 12
        },
        "23": {
            "mean": 5.534167335905839,
            "median": 1.7541719009462733,
            "std": 11.30721441584916,
            "count": 21
        },
        "18": {
            "mean": 69.8475302528774,
            "median": 66.34178212693213,
            "std": 82.87199702274982,
            "count": 12
        },
        "3": {
            "mean": 10.599150701701486,
            "median": 1.8477094976151056,
            "std": 17.417473661965897,
            "count": 13
        },
        "6": {
            "mean": 21.630685687033505,
            "median": 2.41615444858012,
            "std": 46.77491608272001,
            "count": 11
        },
        "11": {
            "mean": 14.48671937233071,
            "median": 1.9366322598084678,
            "std": 26.600726789618566,
            "count": 14
        },
        "19": {
            "mean": 2.9803024459411716,
            "median": 1.161417123519967,
            "std": 4.355266886675387,
            "count": 23
        },
        "22": {
            "mean": 5.01994435116309,
            "median": 1.129793583501339,
            "std": 18.35399155947299,
            "count": 33
        },
        "2": {
            "mean": 176.37047337342577,
            "median": 2.0425404205311843,
            "std": 387.9146953503731,
            "count": 6
        }
    }
}