{
    "global_rms": 11.099816597654982,
    "per_view": {
        "0": {
            "mean": 4.655983237639835,
            "median": 4.404638563155046,
            "std": 2.9420582592309366,
            "count": 386
        },
        "3": {
            "mean": 4.41524831510178,
            "median": 3.586126585857465,
            "std": 3.7771016379746305,
            "count": 397
        },
        "4": {
            "mean": 4.095469499849808,
            "median": 3.545298217111814,
            "std": 3.0636641501525745,
            "count": 387
        },
        "30": {
            "mean": 5.559947101308857,
            "median": 5.718789576441854,
            "std": 4.131106547668408,
            "count": 354
        },
        "1": {
            "mean": 4.159014315279966,
            "median": 3.965954916462651,
            "std": 3.229666552891985,
            "count": 389
        },
        "5": {
            "mean": 6.0774140672949235,
            "median": 4.847469484447275,
            "std": 29.914503271037237,
            "count": 405
        },
        "6": {
            "mean": 5.226643535065997,
            "median": 5.291946369718508,
            "std": 8.824211474802347,
            "count": 392
        },
        "7": {
            "mean": 5.2676830662003695,
            "median": 5.5209083121968225,
            "std": 8.799440317842906,
            "count": 384
        },
        "8": {
            "mean": 6.319411056087657,
            "median": 5.856472263410227,
            "std": 25.363954521219334,
            "count": 391
        },
        "22": {
            "mean": 7.470393860229163,
            "median": 7.241835953221938,
            "std": 3.335505491161202,
            "count": 233
        },
        "29": {
            "mean": 6.013573806841377,
            "median": 6.658061909873146,
            "std": 3.9626537896749303,
            "count": 372
        },
        "2": {
            "mean": 4.712044642836634,
            "median": 4.908191165840351,
            "std": 2.9627140181104648,
            "count": 311
        },
        "14": {
            "mean": 2.47760871887828,
            "median": 1.3670043627742685,
            "std": 3.0995167081867097,
            "count": 318
        },
        "21": {
            "mean": 5.0782981518936765,
            "median": 5.003673883370803,
            "std": 2.6636343749268816,
            "count": 254
        },
        "23": {
            "mean": 6.688374230665605,
            "median": 5.790158727469361,
            "std": 8.045790473882239,
            "count": 288
        },
        "11": {
            "mean": 3.389590761935223,
            "median": 2.6298864674849813,
            "std": 5.821831516982481,
            "count": 293
        },
        "16": {
            "mean": 3.1340659342768564,
            "median": 2.059782276685797,
            "std": 4.947731423907488,
            "count": 314
        },
        "9": {
            "mean": 3.659686946963624,
            "median": 3.0195466724226456,
            "std": 5.145090429249236,
            "count": 286
        },
        "15": {
            "mean": 3.152843578472389,
            "median": 1.365445382469044,
            "std": 6.829613742035152,
            "count": 324
        },
        "28": {
            "mean": 5.6009574681870875,
            "median": 5.654066387252584,
            "std": 3.0775538163790137,
            "count": 284
        },
        "10": {
            "mean": 1.9251759412148564,
            "median": 1.6003203380414242,
            "std": 2.0095290112293016,
            "count": 279
        },
        "26": {
            "mean": 5.162472854206879,
            "median": 4.236252395521542,
            "std": 6.218816997079157,
            "count": 285
        },
        "12": {
            "mean": 2.8513568498354815,
            "median": 1.6406660651165295,
            "std": 3.927937827641126,
            "count": 293
        },
        "13": {
            "mean": 5.625818695826198,
            "median": 4.598398254373413,
            "std": 5.2558001240003405,
            "count": 269
        },
        "17": {
            "mean": 4.603528505631957,
            "median": 3.1976384150127677,
            "std": 14.211587277919849,
            "count": 302
        },
        "18": {
            "mean": 3.7501494460042375,
            "median": 2.4724086812947705,
            "std": 7.599677865013784,
            "count": 305
        },
        "24": {
            "mean": 6.1641734391463245,
            "median": 4.842541025809615,
            "std": 9.127500133546997,
            "count": 280
        },
        "25": {
            "mean": 3.5624749946388836,
            "median": 3.0830377125457784,
            "std": 4.608584358359488,
            "count": 281
        },
        "27": {
            "mean": 4.195136929865643,
            "median": 4.2615662183307474,
            "std": 3.758873136395032,
            "count": 280
        },
        "20": {
            "mean": 11.194782487952603,
            "median": 9.795141350363123,
            "std": 10.454093781116129,
            "count": 158
        },
        "19": {
            "mean": 15.204474391602094,
            "median": 16.418835860400055,
            "std": 6.165620608597181,
            "count": 23
        }
    }
}