{
    "global_rms": 1.8839633562358247,
    "per_view": {
        "0": {
            "mean": 1.6151863554290238,
            "median": 1.6151863554290238,
            "std": 0.0,
            "count": 1
        },
        "3": {
            "mean": 1.6048108974308306,
            "median": 1.6048108974308306,
            "std": 0.0,
            "count": 1
        },
        "5": {
            "mean": 0.8868049417497165,
            "median": 0.8868049417497165,
            "std": 0.0,
            "count": 1
        },
        "7": {
            "mean": 0.9546532093795125,
            "median": 0.9546532093795125,
            "std": 0.0,
            "count": 1
        },
        "14": {
            "mean": 1.92504921787521,
            "median": 1.92504921787521,
            "std": 0.0,
            "count": 1
        },
        "15": {
            "mean": 1.850922072298754,
            "median": 1.850922072298754,
            "std": 0.09227925021618932,
            "count": 2
        },
        "16": {
            "mean": 1.7634983042507772,
            "median": 1.7634983042507772,
            "std": 0.0,
            "count": 1
        },
        "25": {
            "mean": 0.4680235460955843,
            "median": 0.4680235460955843,
            "std": 0.30288452430946644,
            "count": 2
        },
        "27": {
            "mean": 0.4490448591211764,
            "median": 0.4490448591211764,
            "std": 0.2900767556313424,
            "count": 2
        },
        "29": {
            "mean": 1.697375394862675,
            "median": 1.5349662183500863,
            "std": 1.0310160231650944,
            "count": 55
        },
        "30": {
            "mean": 1.611637085179893,
            "median": 1.4886601437716087,
            "std": 0.9674445518919936,
            "count": 55
        }
    }
}