{
    "global_rms": 1.5485312095620234,
    "per_view": {
        "0": {
            "mean": 0.6059601573692767,
            "median": 0.4119293480303903,
            "std": 0.5198348141045345,
            "count": 222
        },
        "15": {
            "mean": 1.4165766863277698,
            "median": 1.1747960019061083,
            "std": 0.8621078478052783,
            "count": 113
        },
        "1": {
            "mean": 0.71872509902806,
            "median": 0.5786325898911779,
            "std": 0.5470333875686454,
            "count": 180
        },
        "3": {
            "mean": 0.7627740844987791,
            "median": 0.5558212782534985,
            "std": 0.665021415083633,
            "count": 189
        },
        "4": {
            "mean": 1.1481025758360714,
            "median": 1.0534587482079707,
            "std": 0.6766775382502308,
            "count": 211
        },
        "5": {
            "mean": 0.5685900056886676,
            "median": 0.4289047792176834,
            "std": 0.4535641863535019,
            "count": 217
        },
        "6": {
            "mean": 0.5405024513054668,
            "median": 0.3826055398224015,
            "std": 0.5010071122167821,
            "count": 207
        },
        "16": {
            "mean": 1.3498306762463663,
            "median": 1.3309221260261948,
            "std": 0.7637661463401799,
            "count": 112
        },
        "19": {
            "mean": 2.144486304450541,
            "median": 2.2275114219970673,
            "std": 1.1011414346269535,
            "count": 60
        },
        "7": {
            "mean": 0.5117005078383124,
            "median": 0.30590726906680116,
            "std": 0.520796737843583,
            "count": 197
        },
        "28": {
            "mean": 1.2953816321442408,
            "median": 1.1658525638094204,
            "std": 0.7077616115140517,
            "count": 84
        },
        "2": {
            "mean": 1.3861243572621762,
            "median": 1.1140868578018095,
            "std": 0.9297091082609554,
            "count": 116
        },
        "8": {
            "mean": 0.6078560481852986,
            "median": 0.2894016205240174,
            "std": 0.7166054918187683,
            "count": 187
        },
        "9": {
            "mean": 1.1893872710218725,
            "median": 1.02967488765539,
            "std": 0.7392292266376644,
            "count": 87
        },
        "10": {
            "mean": 1.4769576885448645,
            "median": 1.3650364648706557,
            "std": 0.8654756163314572,
            "count": 94
        },
        "18": {
            "mean": 1.3223809736803795,
            "median": 1.342450469924202,
            "std": 0.6652278459878634,
            "count": 102
        },
        "25": {
            "mean": 1.5196873377025772,
            "median": 1.4192178931767385,
            "std": 0.7950965096849539,
            "count": 81
        },
        "26": {
            "mean": 1.873903185329811,
            "median": 1.9472073156903926,
            "std": 0.8068588753920535,
            "count": 86
        },
        "29": {
            "mean": 1.4724036693223694,
            "median": 1.3070985407886875,
            "std": 0.9263466344307584,
            "count": 218
        },
        "23": {
            "mean": 1.5242358509057414,
            "median": 1.470463117616345,
            "std": 0.8260815146068948,
            "count": 115
        },
        "27": {
            "mean": 1.311337984950726,
            "median": 1.150169940249493,
            "std": 0.8581594239389844,
            "count": 94
        },
        "30": {
            "mean": 1.788730271081497,
            "median": 1.5503416382925537,
            "std": 0.8707671573108267,
            "count": 194
        },
        "11": {
            "mean": 1.112181123316137,
            "median": 0.8988909324261006,
            "std": 0.780023312416935,
            "count": 85
        },
        "12": {
            "mean": 1.690771994400076,
            "median": 1.5868949350653245,
            "std": 0.9192515241737098,
            "count": 96
        },
        "13": {
            "mean": 2.149244078675972,
            "median": 2.189659236575123,
            "std": 0.7791331011083313,
            "count": 108
        },
        "14": {
            "mean": 1.5937982669877688,
            "median": 1.4997875506323781,
            "std": 0.8411963000214897,
            "count": 126
        },
        "20": {
            "mean": 1.8186072129933433,
            "median": 1.9967247141252047,
            "std": 0.9456188502734674,
            "count": 74
        },
        "21": {
            "mean": 1.5536231442112345,
            "median": 1.58012940978769,
            "std": 0.7225703910366483,
            "count": 62
        },
        "22": {
            "mean": 1.8938728572850585,
            "median": 2.038122710004583,
            "std": 0.8690831287939027,
            "count": 65
        },
        "31": {
            "mean": 1.6845901777585315,
            "median": 1.51436970044543,
            "std": 0.9872486421371773,
            "count": 231
        },
        "17": {
            "mean": 1.4014266360613268,
            "median": 1.2639760406645197,
            "std": 0.8483312620842166,
            "count": 106
        },
        "24": {
            "mean": 2.4709411970638455,
            "median": 2.6674444329501537,
            "std": 1.0912928371667285,
            "count": 80
        }
    }
}