{
    "global_rms": 1.3089038980694563,
    "per_view": {
        "0": {
            "mean": 0.8741182141681048,
            "median": 0.4025728835093652,
            "std": 0.7981831319371498,
            "count": 24
        },
        "1": {
            "mean": 0.5346520884521097,
            "median": 0.46602629852461036,
            "std": 0.520830774192667,
            "count": 34
        },
        "5": {
            "mean": 1.2202238891230734,
            "median": 1.0108661284422384,
            "std": 0.6552899033236266,
            "count": 35
        },
        "2": {
            "mean": 1.4213958163431584,
            "median": 1.652964301420055,
            "std": 0.5543809777310031,
            "count": 20
        },
        "4": {
            "mean": 0.7492154043665866,
            "median": 0.4520358112868851,
            "std": 0.6350009182184634,
            "count": 32
        },
        "3": {
            "mean": 1.2616633179564807,
            "median": 1.1604625537142166,
            "std": 0.7462562354191079,
            "count": 29
        },
        "8": {
            "mean": 0.48100703177818677,
            "median": 0.3039160286837128,
            "std": 0.4580907029430956,
            "count": 44
        },
        "28": {
            "mean": 1.0747561001393289,
            "median": 1.1865242583539577,
            "std": 0.6595232374910075,
            "count": 16
        },
        "14": {
            "mean": 1.2252870497348838,
            "median": 1.4288401711392666,
            "std": 0.7369020241281482,
            "count": 14
        },
        "30": {
            "mean": 1.7687901002672533,
            "median": 1.8247641233184166,
            "std": 0.35744517255747243,
            "count": 67
        },
        "29": {
            "mean": 1.7458604772599806,
            "median": 1.8314650059550592,
            "std": 0.4835703608736436,
            "count": 72
        },
        "11": {
            "mean": 0.930078136708651,
            "median": 0.4635068187710227,
            "std": 0.9399576303071834,
            "count": 3
        },
        "18": {
            "mean": 1.7636262965414267,
            "median": 1.8439951382666802,
            "std": 0.33431585407063896,
            "count": 15
        },
        "26": {
            "mean": 1.0439989051997407,
            "median": 1.1611817446623043,
            "std": 0.6028722628527499,
            "count": 12
        },
        "25": {
            "mean": 1.2362667023826246,
            "median": 1.3407154255547309,
            "std": 0.8029686436007688,
            "count": 8
        },
        "27": {
            "mean": 1.2252979130459136,
            "median": 1.2565213159872501,
            "std": 0.7974474486522312,
            "count": 11
        },
        "19": {
            "mean": 1.1422028515446276,
            "median": 0.8507319973435009,
            "std": 0.5452704229984412,
            "count": 7
        },
        "9": {
            "mean": 0.8285592143779483,
            "median": 0.7331748290269314,
            "std": 0.25812744775544216,
            "count": 18
        },
        "6": {
            "mean": 0.522214714099927,
            "median": 0.29370810011354415,
            "std": 0.5949586799474549,
            "count": 46
        },
        "7": {
            "mean": 0.35900482590135674,
            "median": 0.24993578073926906,
            "std": 0.4339827536794167,
            "count": 52
        },
        "21": {
            "mean": 1.1238775489231358,
            "median": 1.0730348205199727,
            "std": 0.7622233370970599,
            "count": 12
        },
        "13": {
            "mean": 1.3369872134255514,
            "median": 1.5557234824452006,
            "std": 0.6692992710003809,
            "count": 12
        },
        "23": {
            "mean": 1.6180531177348423,
            "median": 1.8947456884076024,
            "std": 0.6082604412541008,
            "count": 6
        },
        "22": {
            "mean": 1.2484559480138218,
            "median": 1.0551163484927564,
            "std": 0.6224218033383743,
            "count": 11
        },
        "17": {
            "mean": 0.821417252681605,
            "median": 0.5151368086959778,
            "std": 0.742288965433091,
            "count": 14
        },
        "10": {
            "mean": 0.8893132518413828,
            "median": 0.7703258350153409,
            "std": 0.32241969756318417,
            "count": 16
        },
        "12": {
            "mean": 1.2943029823927368,
            "median": 1.3827618799476946,
            "std": 0.5967628617413384,
            "count": 9
        },
        "15": {
            "mean": 1.1292975554298972,
            "median": 0.9655898691665589,
            "std": 0.7689554905299006,
            "count": 22
        },
        "24": {
            "mean": 1.438788514868329,
            "median": 1.5840299850418504,
            "std": 0.6305727366050896,
            "count": 18
        },
        "16": {
            "mean": 0.5421952271518989,
            "median": 0.4583824601580734,
            "std": 0.42130525660430335,
            "count": 20
        },
        "20": {
            "mean": 0.9686721629414146,
            "median": 0.8085722020225786,
            "std": 0.41592233125431727,
            "count": 8
        }
    }
}