{
    "global_rms": 58.432053444101015,
    "per_view": {
        "1": {
            "mean": 386.81271644178776,
            "median": 386.81271644178776,
            "std": 0.0,
            "count": 1
        },
        "4": {
            "mean": 7.80049782861169,
            "median": 1.5602884234434684,
            "std": 31.753284646350508,
            "count": 24
        },
        "21": {
            "mean": 1.447153716472492,
            "median": 1.447153716472492,
            "std": 0.0,
            "count": 1
        },
        "22": {
            "mean": 2.0885221600563226,
            "median": 2.0885221600563226,
            "std": 0.0,
            "count": 1
        },
        "2": {
            "mean": 2.3066615285436414,
            "median": 2.385448446678252,
            "std": 0.12301205315242168,
            "count": 3
        },
        "3": {
            "mean": 1.1028104088422366,
            "median": 1.3844838440890683,
            "std": 0.7017908509709225,
            "count": 24
        },
        "29": {
            "mean": 2.373743225427068,
            "median": 2.373743225427068,
            "std": 0.0,
            "count": 1
        },
        "30": {
            "mean": 1.2815172488904274,
            "median": 1.2815172488904274,
            "std": 0.7999468919348734,
            "count": 2
        },
        "7": {
            "mean": 0.06673134130152798,
            "median": 0.06673134130152798,
            "std": 0.0,
            "count": 2
        },
        "8": {
            "mean": 53.661119708623765,
            "median": 0.06572930837404524,
            "std": 75.79532798471392,
            "count": 3
        },
        "5": {
            "mean": 119.35367037190895,
            "median": 119.35367037190895,
            "std": 118.92590699452839,
            "count": 2
        },
        "6": {
            "mean": 69.91809413114775,
            "median": 69.91809413114775,
            "std": 0.0,
            "count": 1
        },
        "13": {
            "mean": 1.18000334019407,
            "median": 1.18000334019407,
            "std": 0.0,
            "count": 1
        },
        "14": {
            "mean": 0.34358174404657243,
            "median": 0.2911088951312256,
            "std": 0.07420781459243782,
            "count": 3
        },
        "15": {
            "mean": 0.2886008901389708,
            "median": 0.2886008901389708,
            "std": 0.0,
            "count": 2
        },
        "25": {
            "mean": 0.8512645289683384,
            "median": 0.8844371380617416,
            "std": 0.1258893215436015,
            "count": 3
        },
        "26": {
            "mean": 0.6954656722755564,
            "median": 0.7195083138258642,
            "std": 0.11534615044843403,
            "count": 3
        }
    }
}