{
    "global_rms": 6.326767064400866,
    "per_view": {
        "0": {
            "mean": 3.403235165741851,
            "median": 3.1144310099774346,
            "std": 2.3839891305737604,
            "count": 443
        },
        "1": {
            "mean": 2.5298692773057896,
            "median": 1.7300249500992746,
            "std": 2.691469293015664,
            "count": 449
        },
        "3": {
            "mean": 3.8786480156915673,
            "median": 2.936223285198555,
            "std": 3.385818490543016,
            "count": 453
        },
        "4": {
            "mean": 2.9083155735926676,
            "median": 2.2397296712710957,
            "std": 2.398721468232706,
            "count": 463
        },
        "5": {
            "mean": 5.557945184399316,
            "median": 5.557289147181947,
            "std": 3.753528683619138,
            "count": 440
        },
        "6": {
            "mean": 5.3913788939058485,
            "median": 5.794038644913838,
            "std": 3.634550314656782,
            "count": 424
        },
        "7": {
            "mean": 5.321110647986301,
            "median": 5.986239779924211,
            "std": 3.6270280095589684,
            "count": 415
        },
        "8": {
            "mean": 5.08392236420011,
            "median": 5.745276960057263,
            "std": 3.441960715725857,
            "count": 424
        },
        "22": {
            "mean": 6.753701167474798,
            "median": 6.720604708457415,
            "std": 2.297651545742635,
            "count": 281
        },
        "29": {
            "mean": 4.876656040483869,
            "median": 5.237564912759833,
            "std": 3.393945865491609,
            "count": 420
        },
        "30": {
            "mean": 3.827865931483452,
            "median": 4.245601101634795,
            "std": 2.542252725931391,
            "count": 406
        },
        "2": {
            "mean": 2.8502220237853058,
            "median": 2.8193206663821915,
            "std": 1.7689178834841297,
            "count": 365
        },
        "14": {
            "mean": 2.8943913561796584,
            "median": 2.0273303063113612,
            "std": 3.2138512638165397,
            "count": 372
        },
        "21": {
            "mean": 6.860144246947872,
            "median": 6.041656088311755,
            "std": 3.7536042048649736,
            "count": 296
        },
        "23": {
            "mean": 4.99756007693238,
            "median": 4.384133286841278,
            "std": 6.695914766995114,
            "count": 356
        },
        "11": {
            "mean": 1.6841683470249686,
            "median": 1.0509502500306924,
            "std": 2.1835598147178605,
            "count": 360
        },
        "16": {
            "mean": 2.678423336040744,
            "median": 1.6197218125509327,
            "std": 2.9334126445076625,
            "count": 379
        },
        "9": {
            "mean": 1.8835256535771903,
            "median": 1.620281582851784,
            "std": 1.852942961131354,
            "count": 350
        },
        "15": {
            "mean": 3.1900295624209565,
            "median": 1.5894000363066465,
            "std": 6.314856213573348,
            "count": 388
        },
        "28": {
            "mean": 4.551926595027568,
            "median": 4.5460827063342935,
            "std": 1.6434150545839716,
            "count": 333
        },
        "20": {
            "mean": 4.732496473835729,
            "median": 4.166648089915267,
            "std": 7.926774230177185,
            "count": 299
        },
        "17": {
            "mean": 3.64925701228754,
            "median": 1.7445564280433763,
            "std": 14.92220530742806,
            "count": 364
        },
        "12": {
            "mean": 2.119567412703441,
            "median": 1.2036452375783881,
            "std": 2.123306592605942,
            "count": 352
        },
        "24": {
            "mean": 3.8975109642446033,
            "median": 3.2808264113713816,
            "std": 4.737495611427152,
            "count": 338
        },
        "10": {
            "mean": 4.164986483747588,
            "median": 4.553429250744095,
            "std": 1.670283103172871,
            "count": 327
        },
        "13": {
            "mean": 4.113622928013644,
            "median": 3.8624488769887564,
            "std": 3.353033744310798,
            "count": 347
        },
        "18": {
            "mean": 3.4447421093792334,
            "median": 2.865013680931159,
            "std": 10.125751248286218,
            "count": 371
        },
        "25": {
            "mean": 3.514700294569641,
            "median": 3.315777498655748,
            "std": 2.4249732083053592,
            "count": 347
        },
        "26": {
            "mean": 5.44413338059502,
            "median": 5.113984728577058,
            "std": 2.607290361272513,
            "count": 342
        },
        "27": {
            "mean": 2.712518485663615,
            "median": 2.349127323566797,
            "std": 2.264564278290075,
            "count": 353
        },
        "19": {
            "mean": 8.51458953873545,
            "median": 8.891070510855076,
            "std": 3.245224561633296,
            "count": 185
        }
    }
}