{
    "global_rms": 704.8900271019492,
    "per_view": {
        "0": {
            "mean": 668.0070650499018,
            "median": 23.554627464283456,
            "std": 1096.2176664486133,
            "count": 27
        },
        "3": {
            "mean": 34.560487307485445,
            "median": 6.009360599685132,
            "std": 170.33485599139289,
            "count": 75
        },
        "4": {
            "mean": 21.40679054274848,
            "median": 5.959016695101273,
            "std": 122.19282219367342,
            "count": 76
        },
        "5": {
            "mean": 1010.1880197164901,
            "median": 1371.6544534160157,
            "std": 526.2175438318312,
            "count": 10
        },
        "1": {
            "mean": 1144.7870477151566,
            "median": 1403.4824276290765,
            "std": 509.4721170514416,
            "count": 6
        },
        "2": {
            "mean": 8.315721510292363,
            "median": 8.077924085993931,
            "std": 5.204337284728324,
            "count": 19
        },
        "8": {
            "mean": 2007.256896838161,
            "median": 2852.6660524806384,
            "std": 1143.6924654901743,
            "count": 8
        },
        "6": {
            "mean": 260.9030661474515,
            "median": 18.863090750752527,
            "std": 641.4981999482079,
            "count": 29
        },
        "7": {
            "mean": 1388.0546432299095,
            "median": 2346.5574694355255,
            "std": 1152.17734196609,
            "count": 7
        },
        "28": {
            "mean": 23.636231189528065,
            "median": 23.636231189528065,
            "std": 0.0,
            "count": 1
        },
        "29": {
            "mean": 16.68512267552129,
            "median": 16.68512267552129,
            "std": 1.5199903634827825,
            "count": 2
        },
        "30": {
            "mean": 3.2380318085323303,
            "median": 3.887006688182108,
            "std": 1.1691407199970159,
            "count": 3
        },
        "21": {
            "mean": 2.3117977348238945,
            "median": 2.3117977348238945,
            "std": 0.9783985924241819,
            "count": 2
        },
        "22": {
            "mean": 450.3689718333421,
            "median": 4.723930115361809,
            "std": 632.6032893726292,
            "count": 3
        },
        "9": {
            "mean": 0.29172021323683567,
            "median": 0.29172021323683567,
            "std": 0.0,
            "count": 1
        },
        "12": {
            "mean": 182.40865449641467,
            "median": 19.24069673100927,
            "std": 237.13404903334168,
            "count": 3
        },
        "18": {
            "mean": 2.109985389017023,
            "median": 2.371819847154108,
            "std": 1.2409854454057323,
            "count": 3
        },
        "11": {
            "mean": 1.0753529095224286,
            "median": 1.0753529095224286,
            "std": 0.0,
            "count": 1
        },
        "16": {
            "mean": 407.75889611012195,
            "median": 407.75889611012195,
            "std": 395.2382422608501,
            "count": 2
        },
        "25": {
            "mean": 261.12385160585535,
            "median": 11.879398692481804,
            "std": 360.4830310381847,
            "count": 3
        },
        "17": {
            "mean": 2.953137665347704,
            "median": 2.953137665347704,
            "std": 0.5248833201506324,
            "count": 2
        },
        "26": {
            "mean": 8.938096114661217,
            "median": 9.501257057123635,
            "std": 6.673116357110584,
            "count": 3
        },
        "24": {
            "mean": 10.75070735190399,
            "median": 10.75070735190399,
            "std": 0.0,
            "count": 1
        },
        "13": {
            "mean": 14.589319037266295,
            "median": 14.589319037266295,
            "std": 0.0,
            "count": 1
        },
        "14": {
            "mean": 4.550454097123484,
            "median": 4.550454097123484,
            "std": 1.0271588013114856,
            "count": 2
        },
        "15": {
            "mean": 19.102678752658015,
            "median": 20.724152223947147,
            "std": 5.4191371785110105,
            "count": 9
        },
        "23": {
            "mean": 19.311759744132374,
            "median": 21.185151276090867,
            "std": 4.951655924774112,
            "count": 8
        },
        "20": {
            "mean": 18.470640584916442,
            "median": 18.470640584916442,
            "std": 0.0,
            "count": 1
        }
    }
}