{
    "global_rms": 54.66500640488014,
    "per_view": {
        "0": {
            "mean": 19.101811193210494,
            "median": 1.6124122941215746,
            "std": 36.958845657071095,
            "count": 15
        },
        "12": {
            "mean": 23.42071539933975,
            "median": 1.708766397806986,
            "std": 35.40064489733495,
            "count": 13
        },
        "26": {
            "mean": 40.27413389504953,
            "median": 13.844953243281065,
            "std": 85.19777443475078,
            "count": 13
        },
        "4": {
            "mean": 36.14596602314212,
            "median": 1.6179728093747072,
            "std": 79.59251543128678,
            "count": 14
        },
        "6": {
            "mean": 50.97454047988661,
            "median": 30.685381022202254,
            "std": 67.97710519622134,
            "count": 5
        },
        "14": {
            "mean": 12.168055009517314,
            "median": 1.9272347098755354,
            "std": 36.11482602481899,
            "count": 19
        },
        "19": {
            "mean": 8.577704287426272,
            "median": 1.248944552724291,
            "std": 32.4799415449001,
            "count": 48
        },
        "1": {
            "mean": 35.464647249465436,
            "median": 7.028117286569481,
            "std": 47.404131679702836,
            "count": 18
        },
        "7": {
            "mean": 25.053978094298834,
            "median": 1.7377626737629495,
            "std": 45.92050261152273,
            "count": 21
        },
        "10": {
            "mean": 39.02212794205726,
            "median": 27.00008501872363,
            "std": 43.180977816620675,
            "count": 14
        },
        "15": {
            "mean": 30.56120201873591,
            "median": 1.6073145672447482,
            "std": 59.19095639140083,
            "count": 16
        },
        "16": {
            "mean": 45.408117693420245,
            "median": 1.0725076171577885,
            "std": 65.61924348145625,
            "count": 10
        },
        "17": {
            "mean": 47.86103970755973,
            "median": 2.336972247127933,
            "std": 85.16346827974995,
            "count": 7
        },
        "20": {
            "mean": 14.918601447791083,
            "median": 1.0777359128276518,
            "std": 46.52670457136529,
            "count": 58
        },
        "21": {
            "mean": 1.9776682113641435,
            "median": 1.420995927738106,
            "std": 3.5086861960020297,
            "count": 53
        },
        "24": {
            "mean": 124.11571957695317,
            "median": 84.37723259360321,
            "std": 102.0909864609555,
            "count": 9
        },
        "25": {
            "mean": 38.74914750998254,
            "median": 12.937887282424061,
            "std": 52.52074381783949,
            "count": 8
        },
        "27": {
            "mean": 49.86978636746149,
            "median": 62.58393360429404,
            "std": 40.8487908863949,
            "count": 11
        },
        "8": {
            "mean": 20.98084404725594,
            "median": 2.156285127818955,
            "std": 40.69035091339879,
            "count": 16
        },
        "5": {
            "mean": 29.275413773681027,
            "median": 1.467501779674358,
            "std": 61.285205892795624,
            "count": 12
        },
        "2": {
            "mean": 46.361109847622984,
            "median": 0.9523734614731307,
            "std": 93.86753807628239,
            "count": 8
        },
        "9": {
            "mean": 48.524059140961036,
            "median": 44.06694559789561,
            "std": 53.233658965524484,
            "count": 12
        },
        "18": {
            "mean": 23.05354440013686,
            "median": 1.9879118895260612,
            "std": 29.322560003090118,
            "count": 11
        },
        "23": {
            "mean": 4.933245819214743,
            "median": 1.3580885632565702,
            "std": 11.092365713279799,
            "count": 21
        },
        "11": {
            "mean": 20.037399825519334,
            "median": 4.511939790633594,
            "std": 32.710708262754416,
            "count": 8
        },
        "3": {
            "mean": 32.30815851601753,
            "median": 2.431523827941447,
            "std": 41.30906124869918,
            "count": 13
        },
        "22": {
            "mean": 8.024432857090789,
            "median": 1.2126410056523638,
            "std": 23.4634049227443,
            "count": 43
        },
        "13": {
            "mean": 1.4848093275574903,
            "median": 1.538205628738896,
            "std": 0.58179610025452,
            "count": 20
        }
    }
}