{
    "global_rms": 46.887111978163055,
    "per_view": {
        "0": {
            "mean": 17.64704270326417,
            "median": 1.60146253919984,
            "std": 37.91231169713577,
            "count": 14
        },
        "12": {
            "mean": 23.415658351564904,
            "median": 1.7581391538741156,
            "std": 35.319383665355424,
            "count": 13
        },
        "26": {
            "mean": 6.668101337491809,
            "median": 1.889348750462337,
            "std": 9.872440762150848,
            "count": 8
        },
        "4": {
            "mean": 24.959133162307577,
            "median": 1.5917118310831073,
            "std": 71.45643291754257,
            "count": 13
        },
        "6": {
            "mean": 50.633977893524545,
            "median": 30.174266349402156,
            "std": 67.91649210689413,
            "count": 5
        },
        "14": {
            "mean": 11.547938605298059,
            "median": 1.7689192669451828,
            "std": 35.088294935067005,
            "count": 20
        },
        "19": {
            "mean": 8.127493922840076,
            "median": 1.172397135154514,
            "std": 32.03522304572234,
            "count": 48
        },
        "1": {
            "mean": 32.49679646442644,
            "median": 7.134092860451386,
            "std": 45.04071818124551,
            "count": 18
        },
        "7": {
            "mean": 26.188578104578045,
            "median": 1.5219992525406862,
            "std": 46.67987189078954,
            "count": 20
        },
        "10": {
            "mean": 40.75099800659311,
            "median": 27.278529247977204,
            "std": 45.0267693674517,
            "count": 12
        },
        "15": {
            "mean": 30.530037328697787,
            "median": 1.744631137452687,
            "std": 58.92367197967955,
            "count": 16
        },
        "16": {
            "mean": 45.54518394467612,
            "median": 0.9366632157072663,
            "std": 65.76028978494102,
            "count": 10
        },
        "17": {
            "mean": 55.56087108848079,
            "median": 18.062286612724808,
            "std": 89.71717685629534,
            "count": 6
        },
        "20": {
            "mean": 12.602059266631016,
            "median": 1.0444587834392052,
            "std": 43.91228698227668,
            "count": 59
        },
        "21": {
            "mean": 2.199914414460049,
            "median": 1.370754485088585,
            "std": 4.819610420262276,
            "count": 52
        },
        "24": {
            "mean": 97.31135969744305,
            "median": 78.20287714473116,
            "std": 72.78031724587707,
            "count": 8
        },
        "25": {
            "mean": 20.954706957702765,
            "median": 1.1131438551062245,
            "std": 25.73918295518632,
            "count": 7
        },
        "27": {
            "mean": 47.493336148080544,
            "median": 54.61306395512766,
            "std": 42.02735622108047,
            "count": 10
        },
        "5": {
            "mean": 29.339139291674694,
            "median": 1.6942296424583454,
            "std": 61.37722917707115,
            "count": 12
        },
        "8": {
            "mean": 22.94106037230618,
            "median": 2.2163768229652336,
            "std": 40.548448637451926,
            "count": 16
        },
        "2": {
            "mean": 7.38303972060463,
            "median": 0.9111087800391836,
            "std": 15.982729301052675,
            "count": 7
        },
        "9": {
            "mean": 41.810095936756134,
            "median": 42.93473570236813,
            "std": 43.054709691843485,
            "count": 11
        },
        "18": {
            "mean": 19.47027682764047,
            "median": 1.9517601528945354,
            "std": 28.289352126668756,
            "count": 10
        },
        "23": {
            "mean": 4.736452872586264,
            "median": 1.2133333000280457,
            "std": 10.978037312500621,
            "count": 22
        },
        "11": {
            "mean": 20.044869941030097,
            "median": 4.67582142212709,
            "std": 32.627509012255935,
            "count": 8
        },
        "3": {
            "mean": 24.90819446724891,
            "median": 2.0800070285087586,
            "std": 38.801448186132,
            "count": 13
        },
        "22": {
            "mean": 8.450505169325197,
            "median": 1.1617915645650134,
            "std": 23.87082006745049,
            "count": 42
        },
        "13": {
            "mean": 1.5164144275247502,
            "median": 1.5947178443186605,
            "std": 0.5665587035765293,
            "count": 21
        }
    }
}