{
    "global_rms": 11.838217170902954,
    "per_view": {
        "0": {
            "mean": 3.7587237457013436,
            "median": 3.445418232778006,
            "std": 3.8269502287255213,
            "count": 366
        },
        "3": {
            "mean": 2.517020433535308,
            "median": 1.7516097649681597,
            "std": 2.2724153589164082,
            "count": 391
        },
        "4": {
            "mean": 2.716488553624616,
            "median": 1.9055907418758435,
            "std": 2.078662761203639,
            "count": 368
        },
        "5": {
            "mean": 5.744088279132201,
            "median": 4.648934875120591,
            "std": 31.039582557241793,
            "count": 374
        },
        "6": {
            "mean": 5.206646763137001,
            "median": 5.356599300824126,
            "std": 9.576748311732471,
            "count": 349
        },
        "8": {
            "mean": 7.060247526008609,
            "median": 6.360383626366643,
            "std": 27.812208793168303,
            "count": 336
        },
        "30": {
            "mean": 3.729658379421239,
            "median": 2.999276558974467,
            "std": 2.6039888954070007,
            "count": 351
        },
        "1": {
            "mean": 3.180501055421095,
            "median": 2.1286351692171865,
            "std": 2.878486434898415,
            "count": 373
        },
        "7": {
            "mean": 5.50750912109095,
            "median": 5.805274243102565,
            "std": 9.867885355127372,
            "count": 343
        },
        "22": {
            "mean": 10.359676964246564,
            "median": 10.272930968564175,
            "std": 3.4835371401875,
            "count": 147
        },
        "29": {
            "mean": 5.509498332089259,
            "median": 5.930684540845434,
            "std": 3.4889677686041405,
            "count": 363
        },
        "2": {
            "mean": 4.3269001344264835,
            "median": 3.973171520740868,
            "std": 2.289469607986884,
            "count": 304
        },
        "14": {
            "mean": 4.10331905311232,
            "median": 3.2429618211319675,
            "std": 8.91506179775396,
            "count": 322
        },
        "21": {
            "mean": 3.40753662866072,
            "median": 2.9883560044980157,
            "std": 2.5956881737084228,
            "count": 256
        },
        "23": {
            "mean": 9.246918578455059,
            "median": 8.359589009037016,
            "std": 7.144073034163594,
            "count": 236
        },
        "11": {
            "mean": 3.799146077671288,
            "median": 3.30744029747299,
            "std": 6.961175344598162,
            "count": 295
        },
        "16": {
            "mean": 3.8991777025653245,
            "median": 2.8188220931965837,
            "std": 7.310653200734902,
            "count": 306
        },
        "9": {
            "mean": 4.035850962847455,
            "median": 3.859441580080072,
            "std": 2.598324795541453,
            "count": 275
        },
        "15": {
            "mean": 3.8633891561191267,
            "median": 3.1616247334172316,
            "std": 6.634224449178016,
            "count": 322
        },
        "28": {
            "mean": 7.01653099373854,
            "median": 6.9682602914467076,
            "std": 2.8529750168061963,
            "count": 271
        },
        "20": {
            "mean": 15.108861729379713,
            "median": 11.345928313856586,
            "std": 21.994658167692673,
            "count": 92
        },
        "10": {
            "mean": 4.194169039050377,
            "median": 3.4839489691542758,
            "std": 6.424387135548321,
            "count": 275
        },
        "26": {
            "mean": 3.8181838614520625,
            "median": 2.9953519542361393,
            "std": 4.4304237256176275,
            "count": 290
        },
        "12": {
            "mean": 3.3300516179778503,
            "median": 2.5428635371750636,
            "std": 5.4051164563148575,
            "count": 287
        },
        "13": {
            "mean": 5.105100612948163,
            "median": 4.7095669371807904,
            "std": 5.249070200549019,
            "count": 291
        },
        "17": {
            "mean": 4.386906519243959,
            "median": 3.1886852133012265,
            "std": 9.141516728734745,
            "count": 303
        },
        "18": {
            "mean": 3.0799688275534476,
            "median": 2.137570488002135,
            "std": 8.227885858118999,
            "count": 313
        },
        "24": {
            "mean": 6.75346860940434,
            "median": 3.9777363268542514,
            "std": 11.070709432934315,
            "count": 274
        },
        "25": {
            "mean": 4.582426801261255,
            "median": 4.344990998231059,
            "std": 4.820309865790121,
            "count": 276
        },
        "27": {
            "mean": 5.288553578624339,
            "median": 4.832829240607683,
            "std": 3.375613119903265,
            "count": 265
        },
        "19": {
            "mean": 29.10845671193496,
            "median": 16.751706651249805,
            "std": 48.25182213841264,
            "count": 21
        }
    }
}