{
    "global_rms": 613.4794295625885,
    "per_view": {
        "0": {
            "mean": 947.772895236158,
            "median": 23.623203581118126,
            "std": 1225.2641403573477,
            "count": 22
        },
        "3": {
            "mean": 9.440392978082697,
            "median": 6.066321918054516,
            "std": 26.71446759063802,
            "count": 77
        },
        "4": {
            "mean": 9.028646727565684,
            "median": 6.9363814341927945,
            "std": 18.590177913800254,
            "count": 73
        },
        "5": {
            "mean": 894.4485973260704,
            "median": 878.7810471137964,
            "std": 570.9194323261798,
            "count": 18
        },
        "1": {
            "mean": 776.9240256096722,
            "median": 893.8963236058366,
            "std": 648.9138659135388,
            "count": 6
        },
        "8": {
            "mean": 1257.032311374524,
            "median": 992.9755800456123,
            "std": 1079.0329861797961,
            "count": 11
        },
        "6": {
            "mean": 258.29423976616766,
            "median": 19.56228247620235,
            "std": 671.2415373639614,
            "count": 18
        },
        "21": {
            "mean": 1.447153716472492,
            "median": 1.447153716472492,
            "std": 0.0,
            "count": 1
        },
        "22": {
            "mean": 14.585379374927546,
            "median": 18.10853220788032,
            "std": 9.112471608868153,
            "count": 3
        },
        "28": {
            "mean": 19.462197258284668,
            "median": 19.462197258284668,
            "std": 0.9295179263252056,
            "count": 2
        },
        "2": {
            "mean": 8.78569662047993,
            "median": 7.957106112827812,
            "std": 5.07180828858375,
            "count": 33
        },
        "9": {
            "mean": 306.80889515945825,
            "median": 306.80889515945825,
            "std": 286.69991099109546,
            "count": 2
        },
        "25": {
            "mean": 7.7962842490518005,
            "median": 4.320728604469383,
            "std": 7.646734850042017,
            "count": 7
        },
        "13": {
            "mean": 10.477424387777814,
            "median": 8.272241476997364,
            "std": 8.63355406981055,
            "count": 3
        },
        "29": {
            "mean": 329.11359592350993,
            "median": 323.175620885364,
            "std": 322.5891277003675,
            "count": 4
        },
        "30": {
            "mean": 5.60018937238918,
            "median": 5.565418315178803,
            "std": 3.903477650289824,
            "count": 5
        },
        "7": {
            "mean": 599.7831659036207,
            "median": 9.415962723108636,
            "std": 1027.9721158993082,
            "count": 4
        },
        "14": {
            "mean": 3.7795861438255294,
            "median": 1.7593899388985186,
            "std": 4.403816424857382,
            "count": 6
        },
        "24": {
            "mean": 19.390849955497416,
            "median": 22.66214030203742,
            "std": 6.537159923184677,
            "count": 4
        },
        "11": {
            "mean": 227.83733484687204,
            "median": 20.279579011373585,
            "std": 304.45595119872735,
            "count": 3
        },
        "17": {
            "mean": 104.90591446717924,
            "median": 6.392286895141508,
            "std": 194.64371844506738,
            "count": 5
        },
        "20": {
            "mean": 1174.2277431277296,
            "median": 1174.2277431277296,
            "std": 0.0,
            "count": 1
        },
        "18": {
            "mean": 13.023323925393765,
            "median": 9.885118407511564,
            "std": 8.684301439600674,
            "count": 5
        },
        "15": {
            "mean": 16.226834273194772,
            "median": 19.178755694535866,
            "std": 8.111856562569653,
            "count": 12
        },
        "23": {
            "mean": 18.87881391188745,
            "median": 19.113889994062554,
            "std": 4.089155632352862,
            "count": 10
        },
        "16": {
            "mean": 262.68501038355555,
            "median": 262.68501038355555,
            "std": 0.0,
            "count": 1
        },
        "19": {
            "mean": 726.0982680143162,
            "median": 726.0982680143162,
            "std": 0.0,
            "count": 1
        },
        "26": {
            "mean": 2.3354256850418853,
            "median": 0.7713397085752873,
            "std": 2.8422500032958165,
            "count": 4
        }
    }
}