{
    "global_rms": 1.298580977227011,
    "per_view": {
        "2": {
            "mean": 0.5379863444801839,
            "median": 0.5379863444801839,
            "std": 0.09641992822722426,
            "count": 2
        },
        "4": {
            "mean": 1.1499473802789062,
            "median": 1.0750473677403682,
            "std": 0.7984921869477623,
            "count": 18
        },
        "3": {
            "mean": 1.108018321158424,
            "median": 1.2269902411905682,
            "std": 0.7115886520814342,
            "count": 16
        },
        "5": {
            "mean": 1.2502877886702684,
            "median": 1.2502877886702684,
            "std": 0.0,
            "count": 1
        },
        "30": {
            "mean": 1.4532723476341827,
            "median": 1.4532723476341827,
            "std": 0.0,
            "count": 1
        },
        "21": {
            "mean": 1.2144760625285904,
            "median": 1.2144760625285904,
            "std": 0.0,
            "count": 1
        },
        "22": {
            "mean": 1.2569531199243724,
            "median": 1.2569531199243724,
            "std": 0.0,
            "count": 1
        },
        "25": {
            "mean": 0.5329280886831048,
            "median": 0.5329280886831048,
            "std": 0.0,
            "count": 1
        },
        "26": {
            "mean": 0.43487209466825216,
            "median": 0.43487209466825216,
            "std": 0.0,
            "count": 1
        }
    }
}