{
    "global_rms": 198.85725157192564,
    "per_view": {
        "6": {
            "mean": 54.230833612305744,
            "median": 0.1311340640791336,
            "std": 119.4348949107309,
            "count": 521
        },
        "7": {
            "mean": 55.96250421394186,
            "median": 0.1334316237729891,
            "std": 121.75807724240492,
            "count": 529
        },
        "0": {
            "mean": 392.0539022723694,
            "median": 391.6399141292856,
            "std": 170.45799048960185,
            "count": 161
        }
    }
}