{
    "global_rms": 153.26019697532556,
    "per_view": {
        "0": {
            "mean": 39.616307590132216,
            "median": 0.2775557773511236,
            "std": 109.3974881243262,
            "count": 731
        },
        "1": {
            "mean": 45.20521181123584,
            "median": 0.6942302316905113,
            "std": 114.85180046020088,
            "count": 681
        },
        "2": {
            "mean": 64.9951710968211,
            "median": 1.215109193347179,
            "std": 138.1112991023047,
            "count": 537
        },
        "3": {
            "mean": 51.520912631558126,
            "median": 1.1357270466927378,
            "std": 126.8747873872023,
            "count": 658
        },
        "4": {
            "mean": 46.82970925728503,
            "median": 1.2599047623048159,
            "std": 118.58313124496951,
            "count": 637
        },
        "5": {
            "mean": 42.037229678192205,
            "median": 0.5455335445064313,
            "std": 109.77513383478724,
            "count": 636
        },
        "6": {
            "mean": 40.78504532363068,
            "median": 0.17217333379114835,
            "std": 105.99282430332876,
            "count": 648
        },
        "7": {
            "mean": 42.92754945978647,
            "median": 0.14805463179742784,
            "std": 109.23826311889144,
            "count": 639
        },
        "8": {
            "mean": 46.258165295332525,
            "median": 0.5475611410147811,
            "std": 109.79398998206024,
            "count": 582
        },
        "9": {
            "mean": 60.80687035745239,
            "median": 0.7055475783905806,
            "std": 129.0070018143579,
            "count": 552
        },
        "15": {
            "mean": 71.69132479187702,
            "median": 1.247577803643476,
            "std": 157.82905786702443,
            "count": 615
        },
        "22": {
            "mean": 98.66340205610481,
            "median": 1.3181225509000063,
            "std": 192.41742119711242,
            "count": 401
        },
        "23": {
            "mean": 73.41869448082356,
            "median": 1.1287875029391983,
            "std": 161.80989346559494,
            "count": 568
        },
        "28": {
            "mean": 55.465217544605224,
            "median": 0.9712968291320037,
            "std": 122.15309231357315,
            "count": 531
        },
        "29": {
            "mean": 46.30303787745919,
            "median": 1.3405913352176986,
            "std": 120.79420471167847,
            "count": 687
        },
        "30": {
            "mean": 58.54978256395187,
            "median": 1.6614099371995301,
            "std": 130.4689680034001,
            "count": 534
        },
        "11": {
            "mean": 55.43022942585191,
            "median": 0.9442262911974542,
            "std": 124.45571964070328,
            "count": 518
        },
        "17": {
            "mean": 62.6663652765101,
            "median": 1.5812672205747504,
            "std": 138.77742337486077,
            "count": 564
        },
        "10": {
            "mean": 48.97563083324372,
            "median": 0.8595800270867463,
            "std": 118.27121436565086,
            "count": 475
        },
        "12": {
            "mean": 70.36689963756955,
            "median": 1.2405774937543885,
            "std": 152.39086963204724,
            "count": 554
        },
        "13": {
            "mean": 77.83257057653336,
            "median": 1.8280049479079699,
            "std": 166.36894397935387,
            "count": 546
        },
        "14": {
            "mean": 75.08875036945376,
            "median": 1.7714286065868114,
            "std": 159.4624896515988,
            "count": 531
        },
        "18": {
            "mean": 65.1887066938535,
            "median": 1.3253304398959802,
            "std": 144.92290069313825,
            "count": 536
        },
        "19": {
            "mean": 103.84342603284571,
            "median": 1.5583346135018976,
            "std": 200.82237559777002,
            "count": 386
        },
        "20": {
            "mean": 99.43211750121628,
            "median": 1.5056944303060806,
            "std": 187.24328656223577,
            "count": 453
        },
        "21": {
            "mean": 82.30275221756212,
            "median": 1.1690306105297004,
            "std": 169.82747151351,
            "count": 474
        },
        "25": {
            "mean": 64.44584456254093,
            "median": 1.032930828937783,
            "std": 138.6054730412931,
            "count": 531
        },
        "26": {
            "mean": 69.06637661667234,
            "median": 1.1541647977220026,
            "std": 142.46317961397355,
            "count": 541
        },
        "27": {
            "mean": 69.434302411372,
            "median": 1.3189957594751287,
            "std": 152.36294041461548,
            "count": 528
        },
        "16": {
            "mean": 71.42888775803888,
            "median": 1.4029978446695717,
            "std": 152.02355876371104,
            "count": 567
        },
        "31": {
            "mean": 51.24345969345281,
            "median": 1.4112472963139644,
            "std": 117.88806965752794,
            "count": 603
        },
        "24": {
            "mean": 71.87173579189462,
            "median": 1.3860536071264211,
            "std": 158.70999001800294,
            "count": 502
        }
    }
}