{
    "global_rms": 19.45959753359161,
    "per_view": {
        "0": {
            "mean": 11.840133293272558,
            "median": 10.496235594409855,
            "std": 9.066657572167225,
            "count": 6
        },
        "29": {
            "mean": 7.552443720142419,
            "median": 2.5853900785506347,
            "std": 10.792025837933828,
            "count": 84
        },
        "6": {
            "mean": 8.365269194549608,
            "median": 9.058519200467329,
            "std": 2.9365431921415994,
            "count": 6
        },
        "7": {
            "mean": 15.079168095684585,
            "median": 11.918431548910041,
            "std": 13.540460419158055,
            "count": 6
        },
        "22": {
            "mean": 20.191830434720455,
            "median": 18.735491885456824,
            "std": 10.754366352581192,
            "count": 15
        },
        "3": {
            "mean": 12.392037750448461,
            "median": 12.851418105565124,
            "std": 8.507149573929441,
            "count": 63
        },
        "4": {
            "mean": 7.7265332366106305,
            "median": 4.7215574699749565,
            "std": 6.804116121423459,
            "count": 55
        },
        "1": {
            "mean": 18.860257643249028,
            "median": 13.306168549235808,
            "std": 12.71812675361807,
            "count": 13
        },
        "16": {
            "mean": 19.84873039936522,
            "median": 18.660551884566,
            "std": 14.671088334055312,
            "count": 8
        },
        "5": {
            "mean": 11.932080114174784,
            "median": 11.180351742980168,
            "std": 8.530131906396344,
            "count": 10
        },
        "28": {
            "mean": 14.958309111374511,
            "median": 8.825152044499072,
            "std": 13.900435026295431,
            "count": 11
        },
        "8": {
            "mean": 29.13587328015067,
            "median": 31.815174450730723,
            "std": 9.33495320046778,
            "count": 4
        },
        "30": {
            "mean": 5.187109612994779,
            "median": 2.3163040499734615,
            "std": 8.0912331777648,
            "count": 78
        },
        "25": {
            "mean": 15.62955583184424,
            "median": 15.185257572668675,
            "std": 12.31138540020963,
            "count": 10
        },
        "27": {
            "mean": 26.265113391587366,
            "median": 37.275910122827774,
            "std": 15.281547390258456,
            "count": 15
        },
        "2": {
            "mean": 15.79207752408026,
            "median": 15.80124161449338,
            "std": 6.587888941958808,
            "count": 39
        },
        "11": {
            "mean": 5.836608719113487,
            "median": 5.836608719113487,
            "std": 0.22067973771389626,
            "count": 4
        },
        "10": {
            "mean": 8.18439030270718,
            "median": 6.809256623483865,
            "std": 1.9447326992336265,
            "count": 3
        },
        "19": {
            "mean": 31.439921714540567,
            "median": 31.17363276049671,
            "std": 11.154202410717643,
            "count": 30
        },
        "14": {
            "mean": 20.818616487206945,
            "median": 19.158288485075154,
            "std": 14.505089964196838,
            "count": 20
        },
        "20": {
            "mean": 20.60762305209176,
            "median": 20.737143006327486,
            "std": 11.39530491482978,
            "count": 30
        },
        "21": {
            "mean": 17.33179325611524,
            "median": 13.902381319465945,
            "std": 11.54064359530702,
            "count": 17
        },
        "24": {
            "mean": 28.859178175267036,
            "median": 25.19583934896399,
            "std": 13.280905721314847,
            "count": 14
        },
        "26": {
            "mean": 27.027040574146394,
            "median": 29.310694899410834,
            "std": 11.59339468161099,
            "count": 14
        },
        "12": {
            "mean": 35.98976968252468,
            "median": 41.99054642097858,
            "std": 13.324588391432783,
            "count": 5
        },
        "23": {
            "mean": 18.86332605908695,
            "median": 14.86238695921516,
            "std": 9.580221116224427,
            "count": 6
        },
        "13": {
            "mean": 38.44921188092645,
            "median": 41.475310290690864,
            "std": 10.478241283177432,
            "count": 5
        },
        "15": {
            "mean": 6.136318961554399,
            "median": 5.107906420791114,
            "std": 4.465676443131193,
            "count": 10
        },
        "17": {
            "mean": 4.288456087615666,
            "median": 4.288456087615666,
            "std": 4.132498855217418,
            "count": 2
        }
    }
}