{
    "global_rms": 1.687218386773328,
    "per_view": {
        "0": {
            "mean": 0.04019974807114333,
            "median": 0.04019974807114333,
            "std": 0.0,
            "count": 1
        },
        "16": {
            "mean": 0.03933082237876107,
            "median": 0.03933082237876107,
            "std": 0.0,
            "count": 1
        },
        "4": {
            "mean": 1.1744945426128122,
            "median": 1.7093971929164207,
            "std": 0.8034611479140474,
            "count": 5
        },
        "27": {
            "mean": 1.5124397951334108,
            "median": 1.9557820361597387,
            "std": 0.8553827995430602,
            "count": 4
        },
        "17": {
            "mean": 0.399649163583714,
            "median": 0.399649163583714,
            "std": 0.0,
            "count": 1
        },
        "6": {
            "mean": 1.719833142058109,
            "median": 1.719833142058109,
            "std": 0.0,
            "count": 1
        },
        "13": {
            "mean": 2.2518772950993067,
            "median": 2.2518772950993067,
            "std": 0.0,
            "count": 1
        },
        "14": {
            "mean": 2.4241010067877555,
            "median": 2.4241010067877555,
            "std": 0.04903429187450281,
            "count": 2
        },
        "7": {
            "mean": 1.2877252022669439,
            "median": 1.2877252022669439,
            "std": 0.0,
            "count": 1
        },
        "21": {
            "mean": 1.4477001516301997,
            "median": 1.4477001516301997,
            "std": 0.0,
            "count": 1
        },
        "8": {
            "mean": 1.932744818518938,
            "median": 1.932744818518938,
            "std": 0.0,
            "count": 1
        },
        "9": {
            "mean": 1.707860188194669,
            "median": 1.707860188194669,
            "std": 0.0,
            "count": 1
        },
        "11": {
            "mean": 2.213878276926593,
            "median": 2.213878276926593,
            "std": 0.0,
            "count": 1
        },
        "26": {
            "mean": 2.260965802567372,
            "median": 2.260965802567372,
            "std": 0.0,
            "count": 1
        },
        "19": {
            "mean": 1.5339783699665313,
            "median": 1.5339783699665313,
            "std": 0.5144216428768427,
            "count": 2
        },
        "22": {
            "mean": 1.028059376034468,
            "median": 1.028059376034468,
            "std": 0.0,
            "count": 1
        },
        "20": {
            "mean": 2.2697736747917485,
            "median": 2.2697736747917485,
            "std": 0.0,
            "count": 1
        }
    }
}