{
  "global_rms_px": 10.259990236334428,
  "per_view": {
    "0": {
      "mean": 2.239670697575845,
      "median": 0.865353702075372,
      "std": 8.316452002049669,
      "count": 870
    },
    "1": {
      "mean": 3.340980685286183,
      "median": 1.6417280840404134,
      "std": 9.742964585597026,
      "count": 612
    },
    "2": {
      "mean": 3.953369693152413,
      "median": 2.271474378170373,
      "std": 8.25839056481319,
      "count": 400
    },
    "3": {
      "mean": 3.2275635975652945,
      "median": 1.8671255734414889,
      "std": 7.284152626636691,
      "count": 546
    },
    "4": {
      "mean": 3.175813343722076,
      "median": 1.9988747582083337,
      "std": 7.087355864410256,
      "count": 461
    },
    "5": {
      "mean": 2.9057695396588814,
      "median": 1.3112460903541137,
      "std": 9.666884458093065,
      "count": 620
    },
    "6": {
      "mean": 2.1992364802800437,
      "median": 1.1944075287641158,
      "std": 6.844459386653278,
      "count": 758
    },
    "7": {
      "mean": 2.123830027388471,
      "median": 0.9212241001042678,
      "std": 7.555475318869353,
      "count": 752
    },
    "8": {
      "mean": 3.4057933495394828,
      "median": 1.7347711100074634,
      "std": 9.96396797979909,
      "count": 541
    },
    "15": {
      "mean": 4.33495190305954,
      "median": 1.4794295389743508,
      "std": 21.01290305135831,
      "count": 503
    },
    "22": {
      "mean": 4.1799649175880065,
      "median": 3.3614677639263726,
      "std": 8.08785108420622,
      "count": 270
    },
    "23": {
      "mean": 2.520417047683543,
      "median": 1.5739385216121233,
      "std": 4.402074681860558,
      "count": 391
    },
    "28": {
      "mean": 3.15415019189042,
      "median": 1.4323727710869845,
      "std": 9.545287367465018,
      "count": 362
    },
    "29": {
      "mean": 3.649940291107747,
      "median": 2.5934806264747507,
      "std": 7.663685934615789,
      "count": 474
    },
    "30": {
      "mean": 4.582912731165093,
      "median": 3.497861530403064,
      "std": 7.694715180684642,
      "count": 388
    },
    "11": {
      "mean": 5.188036490707398,
      "median": 3.897106766318681,
      "std": 6.7495124407322,
      "count": 339
    },
    "17": {
      "mean": 7.889892859369216,
      "median": 5.768472946544264,
      "std": 11.219099773855147,
      "count": 287
    },
    "16": {
      "mean": 4.823055348805191,
      "median": 3.2085453294095694,
      "std": 10.258410972798364,
      "count": 431
    },
    "12": {
      "mean": 3.902020427750142,
      "median": 1.3350524703878355,
      "std": 15.328627768051376,
      "count": 451
    },
    "31": {
      "mean": 3.9805383488495707,
      "median": 2.875794789327115,
      "std": 7.063352503521478,
      "count": 404
    },
    "9": {
      "mean": 4.052393191558847,
      "median": 3.0135832329431005,
      "std": 4.020356987027092,
      "count": 375
    },
    "10": {
      "mean": 4.372526209779799,
      "median": 3.2917093761441745,
      "std": 4.6844305746130255,
      "count": 318
    },
    "13": {
      "mean": 6.5379643940571315,
      "median": 4.987622180678189,
      "std": 11.068443235546372,
      "count": 207
    },
    "14": {
      "mean": 8.125626077556966,
      "median": 6.10073722119758,
      "std": 12.74130037678155,
      "count": 266
    },
    "20": {
      "mean": 6.140647887857625,
      "median": 5.192152831103822,
      "std": 8.99398657159437,
      "count": 176
    },
    "24": {
      "mean": 4.6765158997775105,
      "median": 3.685469454340014,
      "std": 7.304107196962185,
      "count": 266
    },
    "25": {
      "mean": 3.6974610110854873,
      "median": 3.0167203643553018,
      "std": 4.38089896179579,
      "count": 331
    },
    "27": {
      "mean": 5.382601727526208,
      "median": 4.3235289102976955,
      "std": 8.293877629403172,
      "count": 311
    },
    "18": {
      "mean": 7.307470271728551,
      "median": 4.82365345711029,
      "std": 9.6213244784157,
      "count": 253
    },
    "19": {
      "mean": 7.491023538731383,
      "median": 6.086563639301333,
      "std": 11.47669461737183,
      "count": 106
    },
    "26": {
      "mean": 4.707992833014867,
      "median": 3.2735166830851505,
      "std": 7.191758058998515,
      "count": 323
    },
    "21": {
      "mean": 3.3081198953851003,
      "median": 1.8594888946237838,
      "std": 8.17521902214968,
      "count": 357
    }
  },
  "num_registered": 32,
  "num_points": 2198
}