{
    "global_rms": 24.071811233170404,
    "per_view": {
        "0": {
            "mean": 7.144749149032413,
            "median": 4.308133590188516,
            "std": 21.561093239761885,
            "count": 388
        },
        "1": {
            "mean": 6.473381380115712,
            "median": 4.841405242604581,
            "std": 11.932833139928793,
            "count": 379
        },
        "2": {
            "mean": 5.127747068933163,
            "median": 4.309327733401924,
            "std": 13.378814229910033,
            "count": 306
        },
        "3": {
            "mean": 6.914849173701613,
            "median": 5.364218404042471,
            "std": 11.63756073814698,
            "count": 402
        },
        "4": {
            "mean": 7.608470597287083,
            "median": 4.6540113095062825,
            "std": 18.129470706659554,
            "count": 388
        },
        "5": {
            "mean": 6.763846347613631,
            "median": 7.047769385745292,
            "std": 8.222691112958309,
            "count": 373
        },
        "6": {
            "mean": 8.188665215247426,
            "median": 7.2963853769568985,
            "std": 21.02428897831683,
            "count": 366
        },
        "22": {
            "mean": 5.767913931399101,
            "median": 5.123513138952838,
            "std": 2.8722202242517643,
            "count": 231
        },
        "23": {
            "mean": 10.105225474885035,
            "median": 5.071749476680413,
            "std": 26.796257869442023,
            "count": 359
        },
        "29": {
            "mean": 5.511630909686885,
            "median": 3.5144001876900983,
            "std": 17.370758916907292,
            "count": 340
        },
        "8": {
            "mean": 8.930893390447842,
            "median": 7.60506162704495,
            "std": 24.685000652096015,
            "count": 339
        },
        "14": {
            "mean": 8.099225294551491,
            "median": 2.5062363757585033,
            "std": 33.962552148023754,
            "count": 366
        },
        "30": {
            "mean": 4.6478047560902285,
            "median": 3.010089488419882,
            "std": 13.506371836570741,
            "count": 404
        },
        "7": {
            "mean": 8.631371419631352,
            "median": 7.453092888862509,
            "std": 22.54073148145606,
            "count": 331
        },
        "16": {
            "mean": 8.157384040411578,
            "median": 2.962463127886188,
            "std": 29.740308717159408,
            "count": 372
        },
        "17": {
            "mean": 6.333919199439444,
            "median": 2.813385563585033,
            "std": 30.839204159610098,
            "count": 341
        },
        "10": {
            "mean": 4.455944519998404,
            "median": 1.824277911912724,
            "std": 13.105544161150412,
            "count": 274
        },
        "11": {
            "mean": 4.725047922012942,
            "median": 3.5729994407105585,
            "std": 12.328144628507816,
            "count": 299
        },
        "12": {
            "mean": 8.505490148933632,
            "median": 2.518353575769469,
            "std": 28.297733173791034,
            "count": 337
        },
        "15": {
            "mean": 9.609482329386232,
            "median": 3.0974236147002414,
            "std": 27.96382750675712,
            "count": 387
        },
        "18": {
            "mean": 7.467088049590839,
            "median": 1.5644807452247234,
            "std": 29.20020928612729,
            "count": 364
        },
        "20": {
            "mean": 11.456448086449713,
            "median": 6.394170645333505,
            "std": 28.667344010192895,
            "count": 260
        },
        "24": {
            "mean": 10.41915013480419,
            "median": 3.2629247815061184,
            "std": 32.32667127808341,
            "count": 361
        },
        "26": {
            "mean": 5.98622198408697,
            "median": 3.420459478064787,
            "std": 19.885813230804242,
            "count": 330
        },
        "28": {
            "mean": 5.947240234942052,
            "median": 3.0075725290881694,
            "std": 19.252501467247313,
            "count": 309
        },
        "9": {
            "mean": 4.710647122291094,
            "median": 3.284763238331202,
            "std": 18.818192496329864,
            "count": 291
        },
        "13": {
            "mean": 8.870667274984148,
            "median": 1.60566211480672,
            "std": 34.84265032436473,
            "count": 354
        },
        "25": {
            "mean": 8.869620740909818,
            "median": 4.742481378005566,
            "std": 23.690904502538594,
            "count": 316
        },
        "27": {
            "mean": 6.403301816294685,
            "median": 1.9463384164362019,
            "std": 26.414243652228297,
            "count": 311
        },
        "19": {
            "mean": 17.97953722226301,
            "median": 10.076895092420704,
            "std": 34.5343762786063,
            "count": 202
        },
        "21": {
            "mean": 5.46961306254998,
            "median": 5.244384332514063,
            "std": 7.918559055600041,
            "count": 269
        },
        "31": {
            "mean": 5.808180782744386,
            "median": 6.711418710517293,
            "std": 6.058716896171566,
            "count": 358
        }
    }
}