{
    "global_rms": 58.43205344410227,
    "per_view": {
        "1": {
            "mean": 386.8127164418028,
            "median": 386.8127164418028,
            "std": 0.0,
            "count": 1
        },
        "4": {
            "mean": 7.80049782861209,
            "median": 1.5602884234383967,
            "std": 31.753284646351347,
            "count": 24
        },
        "21": {
            "mean": 1.4471537164738857,
            "median": 1.4471537164738857,
            "std": 0.0,
            "count": 1
        },
        "22": {
            "mean": 2.0885221600590107,
            "median": 2.0885221600590107,
            "std": 0.0,
            "count": 1
        },
        "2": {
            "mean": 2.306661528541144,
            "median": 2.385448446659153,
            "std": 0.12301205314269502,
            "count": 3
        },
        "3": {
            "mean": 1.1028104088387691,
            "median": 1.3844838440828207,
            "std": 0.701790850969974,
            "count": 24
        },
        "29": {
            "mean": 2.3737432254270905,
            "median": 2.3737432254270905,
            "std": 0.0,
            "count": 1
        },
        "30": {
            "mean": 1.2815172488905893,
            "median": 1.2815172488905893,
            "std": 0.7999468919352977,
            "count": 2
        },
        "7": {
            "mean": 0.0667313413009599,
            "median": 0.0667313413009599,
            "std": 0.0,
            "count": 2
        },
        "8": {
            "mean": 53.66111970862323,
            "median": 0.06572930837426613,
            "std": 75.79532798471287,
            "count": 3
        },
        "5": {
            "mean": 119.35367037190807,
            "median": 119.35367037190807,
            "std": 118.92590699452734,
            "count": 2
        },
        "6": {
            "mean": 69.91809413114741,
            "median": 69.91809413114741,
            "std": 0.0,
            "count": 1
        },
        "13": {
            "mean": 1.18000334022548,
            "median": 1.18000334022548,
            "std": 0.0,
            "count": 1
        },
        "14": {
            "mean": 0.34358174404265124,
            "median": 0.29110889512984733,
            "std": 0.07420781458884163,
            "count": 3
        },
        "15": {
            "mean": 0.28860089013999646,
            "median": 0.28860089013999646,
            "std": 0.0,
            "count": 2
        },
        "25": {
            "mean": 0.8512645289519108,
            "median": 0.884437138059583,
            "std": 0.12588932156120902,
            "count": 3
        },
        "26": {
            "mean": 0.6954656722925279,
            "median": 0.7195083138327469,
            "std": 0.11534615043270897,
            "count": 3
        }
    }
}