{
    "global_rms": 2.751618169626528,
    "per_view": {
        "10": {
            "mean": 3.608029573003868,
            "median": 3.608029573003868,
            "std": 0.0,
            "count": 1
        },
        "18": {
            "mean": 3.0312217345195043,
            "median": 3.0312217345195043,
            "std": 0.0,
            "count": 1
        },
        "13": {
            "mean": 1.5955803855506405,
            "median": 1.5955803855506405,
            "std": 0.0,
            "count": 1
        },
        "27": {
            "mean": 1.8627963000846228,
            "median": 1.8627963000846228,
            "std": 0.0,
            "count": 1
        },
        "16": {
            "mean": 3.6236452780125314,
            "median": 3.6236452780125314,
            "std": 0.0,
            "count": 1
        },
        "23": {
            "mean": 2.8328795110850793,
            "median": 2.8328795110850793,
            "std": 0.0,
            "count": 1
        },
        "21": {
            "mean": 2.4790867302065425,
            "median": 2.4790867302065425,
            "std": 0.0,
            "count": 1
        },
        "24": {
            "mean": 2.246612682333039,
            "median": 2.246612682333039,
            "std": 0.0,
            "count": 1
        }
    }
}