{
    "global_rms": 1.2814168641476091,
    "per_view": {
        "9": {
            "mean": 1.1921830059035043,
            "median": 1.1921830059035043,
            "std": 0.0,
            "count": 1
        },
        "11": {
            "mean": 2.349307590962448,
            "median": 2.349307590962448,
            "std": 0.0,
            "count": 1
        },
        "29": {
            "mean": 0.9612194781284137,
            "median": 0.7286280549749726,
            "std": 0.6895854349215137,
            "count": 18
        },
        "30": {
            "mean": 1.0571757086418847,
            "median": 0.8112968521020096,
            "std": 0.7508852739171042,
            "count": 18
        }
    }
}