{
    "20251010T192547_773_791713d0f4ad.png": {
        "R_wc": [
            [
                0.9996982166245835,
                0.01865392026799106,
                -0.015984584331877882
            ],
            [
                -0.020127870417503666,
                0.995017752422289,
                -0.09764497527754659
            ],
            [
                0.014083483591912352,
                0.09793724328942457,
                0.9950929362962961
            ]
        ],
        "t_wc": [
            0.031165067094889753,
            0.004866048960499247,
            -0.3405501179804524
        ]
    },
    "20251010T192648_646_b72351c3f27c.png": {
        "R_wc": [
            [
                0.9997137778126538,
                0.01734895754109578,
                -0.01647349761857468
            ],
            [
                -0.018986913182032248,
                0.99427759983962,
                -0.10512636008624283
            ],
            [
                0.014555396915573959,
                0.10540905145859948,
                0.9943224186807961
            ]
        ],
        "t_wc": [
            2.5454360344061584,
            -0.6446951279344306,
            -0.891765967177875
        ]
    },
    "20251010T192747_470_28f352677b83.png": {
        "R_wc": [
            [
                0.999404273597343,
                0.027227856637764607,
                -0.02120711527484455
            ],
            [
                -0.030288252282446297,
                0.9865297396783782,
                -0.16075352096855053
            ],
            [
                0.016544476088474168,
                0.16130008230941692,
                0.9867667220564004
            ]
        ],
        "t_wc": [
            4.1595966915413625,
            -1.327332873016138,
            -1.5244557865995993
        ]
    },
    "20251010T192821_468_4e64b4001ff1.png": {
        "R_wc": [
            [
                0.9997547356735229,
                0.004831726204210162,
                -0.021613026633304295
            ],
            [
                -0.005484676309729123,
                0.9995271826314851,
                -0.03025441300940088
            ],
            [
                0.021456626578795376,
                0.030365533136328397,
                0.9993085347244888
            ]
        ],
        "t_wc": [
            4.461819729283255,
            -0.8749551774789665,
            -1.1246430409709163
        ]
    },
    "20251010T192848_041_93f02eb993f6.png": {
        "R_wc": [
            [
                0.9994479447242434,
                0.005641744600402584,
                -0.032741052279204125
            ],
            [
                -0.007742302910080578,
                0.9978948462746356,
                -0.06438891615930414
            ],
            [
                0.032308861510958686,
                0.06460686106277852,
                0.997387633255737
            ]
        ],
        "t_wc": [
            4.686430818438982,
            -1.085704890060902,
            -1.234204939106906
        ]
    },
    "20251010T192921_883_ae32a4fbb7b0.png": {
        "R_wc": [
            [
                0.9999736178130577,
                -0.0011911820564973787,
                -0.007165526022069607
            ],
            [
                0.0012555164343890923,
                0.9999588860251913,
                0.008980531038935459
            ],
            [
                0.007154533971381848,
                -0.0089892905485685,
                0.999934000471574
            ]
        ],
        "t_wc": [
            1.9118123850960114,
            -0.30481591303834477,
            -0.4101965290130529
        ]
    },
    "20251010T192938_665_30b187650497.png": {
        "R_wc": [
            [
                1.0,
                0.0,
                0.0
            ],
            [
                0.0,
                1.0,
                0.0
            ],
            [
                0.0,
                0.0,
                1.0
            ]
        ],
        "t_wc": [
            0.0,
            0.0,
            0.0
        ]
    },
    "20251010T193000_931_103295589784.png": {
        "R_wc": [
            [
                0.9999525528238894,
                0.002460766104417547,
                0.009425323928978296
            ],
            [
                -0.0024521773553746185,
                0.9999965677288222,
                -0.0009226899767769189
            ],
            [
                -0.009427562102929915,
                0.0008995336318374384,
                0.9999551549504812
            ]
        ],
        "t_wc": [
            -0.9868742316118451,
            0.04839192185930457,
            0.1540697013669252
        ]
    },
    "20251010T193016_613_4f910680d3af.png": {
        "R_wc": [
            [
                0.9997847985848035,
                0.002652306979693622,
                0.02057478520979792
            ],
            [
                -0.002552170806924318,
                0.999984778884993,
                -0.004891668682950686
            ],
            [
                -0.02058744624561614,
                0.0048381056227562586,
                0.9997763498858466
            ]
        ],
        "t_wc": [
            -3.012721816220022,
            0.1982968986664102,
            0.5369558365471967
        ]
    },
    "20251010T193043_465_0a481f50abab.png": {
        "R_wc": [
            [
                0.9992528632752122,
                0.03728847185155671,
                0.010162927888440455
            ],
            [
                -0.03418784187351916,
                0.9754525988863045,
                -0.2175394649115087
            ],
            [
                -0.018025168635028847,
                0.21702948461656066,
                0.9759986148057531
            ]
        ],
        "t_wc": [
            -3.209987179742653,
            -0.3973550068554008,
            -0.10586589198476304
        ]
    },
    "20251010T193121_516_c0abb5efba41.png": {
        "R_wc": [
            [
                0.9984557060919274,
                0.05478334442218474,
                0.009218901582680418
            ],
            [
                -0.04897547074269597,
                0.9463528549327862,
                -0.3194020620254294
            ],
            [
                -0.026222247005209115,
                0.31845731132207533,
                0.947574448065962
            ]
        ],
        "t_wc": [
            -4.004462265271883,
            -0.6153326404918928,
            -0.3380018566634213
        ]
    },
    "20251010T193346_988_2154bdcb074a.png": {
        "R_wc": [
            [
                0.9992096375772349,
                0.03426171142771704,
                0.020155279775153648
            ],
            [
                -0.02994223909943271,
                0.9822300673740669,
                -0.1852769739175604
            ],
            [
                -0.026145028026056442,
                0.18452704375342874,
                0.9824796219938289
            ]
        ],
        "t_wc": [
            -4.001519176641221,
            -0.07821848106113782,
            -1.6785096235815011
        ]
    },
    "20251010T193425_565_124fdf28809e.png": {
        "R_wc": [
            [
                0.9995101019257505,
                0.030203450391551864,
                -0.008204129010496159
            ],
            [
                -0.031226908155112653,
                0.980013648533215,
                -0.19646406515108128
            ],
            [
                0.002106265759100239,
                0.19662400736700802,
                0.9804767021054048
            ]
        ],
        "t_wc": [
            -0.2736472863378441,
            0.2679150017131543,
            -5.918798566196255
        ]
    },