{
  "as_is-as_is": {
    "rot_MAD_deg": 0.47069466679529415,
    "tra_MAD_mm": 26.69300349292284,
    "n_views": 25
  },
  "inv-inv": {
    "rot_MAD_deg": 0.7834137419541183,
    "tra_MAD_mm": 46.12873307071408,
    "n_views": 25
  }
}