{
  "grid": {
    "start": 0.3,
    "stop": 0.9,
    "step": 0.001
  },
  "best_as_is": {
    "s": 0.8070000000000004,
    "rot_MAD_deg": 6.240859634770558,
    "tra_MAD_mm": 35.25683984711485,
    "n": 25
  },
  "best_invinv": {
    "s": 0.327,
    "rot_MAD_deg": 8.405741458437536,
    "tra_MAD_mm": 33.73279602091793,
    "n": 25
  },
  "note": "2D corners, K, dist, accepted views are fixed from charuco_handeye_calib.py; only board 3D is scaled."
}