{
  "global_rms_px": 1.5423361970995493,
  "per_view": {
    "0": {
      "mean": 0.47955280237465137,
      "median": 0.42794505912093167,
      "std": 0.3764702423298612,
      "count": 426
    },
    "1": {
      "mean": 0.8303649089203938,
      "median": 0.5751747062553525,
      "std": 0.7964125049324722,
      "count": 380
    },
    "2": {
      "mean": 1.3621991944571545,
      "median": 1.1132302123183608,
      "std": 0.9559381537535394,
      "count": 315
    },
    "3": {
      "mean": 1.4749379719233398,
      "median": 1.2577778860986564,
      "std": 1.0711940265007793,
      "count": 345
    },
    "4": {
      "mean": 1.5453719255945602,
      "median": 1.3304725859091446,
      "std": 1.0745871677680217,
      "count": 342
    },
    "5": {
      "mean": 0.6533941370215954,
      "median": 0.467091260255713,
      "std": 0.6515065148665553,
      "count": 399
    },
    "6": {
      "mean": 0.129805434550227,
      "median": 0.08701232501565717,
      "std": 0.16778658539549454,
      "count": 527
    },
    "7": {
      "mean": 0.12396292565303364,
      "median": 0.08612206608359763,
      "std": 0.14544566269849382,
      "count": 524
    },
    "8": {
      "mean": 0.5753107135469595,
      "median": 0.41410778571314655,
      "std": 0.5691016371979791,
      "count": 403
    },
    "9": {
      "mean": 0.65548460120348,
      "median": 0.49102794627495794,
      "std": 0.6273327625443781,
      "count": 342
    },
    "15": {
      "mean": 1.4688891848592216,
      "median": 1.0677036094139212,
      "std": 1.3289118691635604,
      "count": 323
    },
    "22": {
      "mean": 2.3405497097553947,
      "median": 1.9015107284745218,
      "std": 1.6403550037569177,
      "count": 109
    },
    "23": {
      "mean": 1.0586363326536596,
      "median": 0.855449662563948,
      "std": 1.002717130365237,
      "count": 339
    },
    "28": {
      "mean": 1.4279933194589542,
      "median": 1.3402647713760774,
      "std": 0.8232841846432835,
      "count": 322
    },
    "29": {
      "mean": 1.4723871158719295,
      "median": 1.143234452358363,
      "std": 1.1309433320969209,
      "count": 324
    },
    "30": {
      "mean": 1.7484824680701976,
      "median": 1.5263457083696539,
      "std": 1.310243019547615,
      "count": 309
    },
    "11": {
      "mean": 0.9909376184073443,
      "median": 0.8342861585349611,
      "std": 0.8638774315677672,
      "count": 326
    },
    "17": {
      "mean": 1.6151417296373807,
      "median": 1.4272108383634692,
      "std": 1.1482597921039217,
      "count": 334
    },
    "16": {
      "mean": 0.9113394585867679,
      "median": 0.7019901511507064,
      "std": 0.8401035811000294,
      "count": 325
    },
    "12": {
      "mean": 0.8647744135655687,
      "median": 0.6484461513063385,
      "std": 0.6897050303491227,
      "count": 333
    },
    "31": {
      "mean": 1.5679954226298953,
      "median": 1.351776716776044,
      "std": 1.1279689290837933,
      "count": 331
    },
    "20": {
      "mean": 1.5029558809567478,
      "median": 1.2610068346384578,
      "std": 1.262058549198198,
      "count": 240
    },
    "21": {
      "mean": 1.184184086352022,
      "median": 0.8362965377643381,
      "std": 0.973051781190163,
      "count": 326
    },
    "10": {
      "mean": 0.7487641795269611,
      "median": 0.5843673289558345,
      "std": 0.6099973367655792,
      "count": 300
    },
    "13": {
      "mean": 2.051781379856541,
      "median": 1.795383341033428,
      "std": 1.3919445919269235,
      "count": 256
    },
    "14": {
      "mean": 1.992641894865286,
      "median": 1.8336618504428337,
      "std": 1.4454986546148494,
      "count": 258
    },
    "18": {
      "mean": 1.2646391535063384,
      "median": 0.9985169934174185,
      "std": 0.9352725010779631,
      "count": 306
    },
    "24": {
      "mean": 1.1985407126048269,
      "median": 0.9815475327605011,
      "std": 0.9702282909439464,
      "count": 268
    },
    "25": {
      "mean": 0.9122067100496235,
      "median": 0.7509733301643441,
      "std": 0.7113771798037886,
      "count": 312
    },
    "19": {
      "mean": 2.320160535971611,
      "median": 2.0661397222000994,
      "std": 1.308138950799013,
      "count": 63
    },
    "26": {
      "mean": 1.1271569759528193,
      "median": 1.0016583362369582,
      "std": 0.6556067765116257,
      "count": 316
    },
    "27": {
      "mean": 2.02833738071319,
      "median": 1.7625380653688227,
      "std": 1.5145329815467605,
      "count": 188
    }
  },
  "num_registered": 32,
  "num_points": 522
}