{
  "global_rms_px": 53.44894623798716,
  "per_view": {
    "0": {
      "mean": 12.955279002327691,
      "median": 0.9346716891172591,
      "std": 34.75282007059316,
      "count": 656
    },
    "1": {
      "mean": 14.030853152040628,
      "median": 2.029112185004071,
      "std": 35.032485223434826,
      "count": 694
    },
    "2": {
      "mean": 17.672611086512816,
      "median": 3.2892161118028165,
      "std": 43.11391335124385,
      "count": 622
    },
    "3": {
      "mean": 17.81101569280566,
      "median": 2.887543008499148,
      "std": 45.62495791553822,
      "count": 814
    },
    "4": {
      "mean": 16.750246406665457,
      "median": 2.845343398368235,
      "std": 43.41519265948144,
      "count": 810
    },
    "5": {
      "mean": 14.53504052034123,
      "median": 1.2929136911562114,
      "std": 41.176545234762514,
      "count": 595
    },
    "6": {
      "mean": 15.186045382862881,
      "median": 1.4138263135224707,
      "std": 43.19395101741397,
      "count": 572
    },
    "7": {
      "mean": 17.89198399226106,
      "median": 1.4830608738238764,
      "std": 54.7378856691252,
      "count": 554
    },
    "8": {
      "mean": 16.46509540207963,
      "median": 1.7885171376727498,
      "std": 45.967343861421526,
      "count": 518
    },
    "9": {
      "mean": 18.254017450262946,
      "median": 1.866160530701496,
      "std": 46.75817190868655,
      "count": 537
    },
    "10": {
      "mean": 18.704016683322894,
      "median": 3.576459730354019,
      "std": 43.50457632692186,
      "count": 517
    },
    "11": {
      "mean": 16.832806640009476,
      "median": 2.384270510396213,
      "std": 42.657313317899565,
      "count": 532
    },
    "12": {
      "mean": 22.50699674404073,
      "median": 3.708347209029287,
      "std": 55.0031149383944,
      "count": 555
    },
    "13": {
      "mean": 23.757556066649038,
      "median": 2.207070613901959,
      "std": 56.816173187915886,
      "count": 550
    },
    "14": {
      "mean": 26.49807468255804,
      "median": 2.3211907195509545,
      "std": 61.77174329635865,
      "count": 568
    },
    "15": {
      "mean": 21.705992339811015,
      "median": 2.154311354809496,
      "std": 54.54517920748336,
      "count": 599
    },
    "16": {
      "mean": 26.17190774552454,
      "median": 5.807468264138443,
      "std": 58.316683457208406,
      "count": 575
    },
    "17": {
      "mean": 30.08719987979794,
      "median": 7.4466438091704745,
      "std": 64.3770348200056,
      "count": 543
    },
    "18": {
      "mean": 27.783121869729605,
      "median": 6.446532948984661,
      "std": 57.31421180548323,
      "count": 547
    },
    "19": {
      "mean": 21.44758598634074,
      "median": 3.3200463591256857,
      "std": 46.985025855418655,
      "count": 411
    },
    "20": {
      "mean": 23.16376718442805,
      "median": 2.763817109314471,
      "std": 52.34910857936802,
      "count": 524
    },
    "21": {
      "mean": 23.216537362170246,
      "median": 2.091954589247348,
      "std": 61.60881534503716,
      "count": 505
    },
    "22": {
      "mean": 18.78781938980495,
      "median": 1.6404259045595118,
      "std": 46.23869633750119,
      "count": 448
    },
    "23": {
      "mean": 27.029459397834188,
      "median": 6.333062052092425,
      "std": 59.26268101205413,
      "count": 573
    },
    "24": {
      "mean": 22.506663463838656,
      "median": 4.143812292694293,
      "std": 51.971513394087886,
      "count": 487
    },
    "25": {
      "mean": 19.87035545101436,
      "median": 1.5560594000458041,
      "std": 50.41287484919511,
      "count": 555
    },
    "26": {
      "mean": 20.87391269521479,
      "median": 3.5332297649890587,
      "std": 49.8305225724328,
      "count": 538
    },
    "27": {
      "mean": 20.221181338817896,
      "median": 4.96556106221939,
      "std": 44.332643493131904,
      "count": 516
    },
    "28": {
      "mean": 19.126534203770248,
      "median": 4.71996750109606,
      "std": 43.5684942858123,
      "count": 543
    },
    "29": {
      "mean": 20.48956100080415,
      "median": 4.37795436365527,
      "std": 46.43074807189021,
      "count": 587
    },
    "30": {
      "mean": 18.758834520366527,
      "median": 5.242228102858619,
      "std": 42.1417929111466,
      "count": 535
    },
    "31": {
      "mean": 18.817478807331902,
      "median": 4.619517694467213,
      "std": 46.8925528541839,
      "count": 546
    }
  },
  "num_registered": 32,
  "num_points": 988
}