{
  "global_rms_px": 45.627287352925606,
  "per_view": {
    "0": {
      "mean": 23.7489615310046,
      "median": 24.9801044069906,
      "std": 15.85629871723934,
      "count": 104
    },
    "21": {
      "mean": 34.86754833876159,
      "median": 42.38828969535513,
      "std": 20.127749679451856,
      "count": 44
    },
    "26": {
      "mean": 31.082592826794578,
      "median": 25.82381978007535,
      "std": 14.76983364386656,
      "count": 107
    },
    "29": {
      "mean": 29.861342946945598,
      "median": 32.96208689431649,
      "std": 22.443059263707696,
      "count": 124
    },
    "15": {
      "mean": 7.263291407691142,
      "median": 7.954444139383364,
      "std": 4.842796087116941,
      "count": 24
    },
    "25": {
      "mean": 27.413882976424443,
      "median": 30.36274882066069,
      "std": 10.756943427788801,
      "count": 97
    },
    "1": {
      "mean": 45.960173556480235,
      "median": 60.05659050908646,
      "std": 35.345545016204035,
      "count": 62
    },
    "24": {
      "mean": 80.0945875205529,
      "median": 80.68111055605952,
      "std": 13.31712712269975,
      "count": 57
    },
    "14": {
      "mean": 79.45714237975079,
      "median": 77.77226665066419,
      "std": 10.137442015315859,
      "count": 32
    },
    "13": {
      "mean": 50.82217230073661,
      "median": 74.84499803631769,
      "std": 34.18439364077195,
      "count": 24
    },
    "7": {
      "mean": 7.785535305979567,
      "median": 0.10760771185397744,
      "std": 32.17832998653456,
      "count": 19
    },
    "3": {
      "mean": 2.434316718826703,
      "median": 2.4937473495280473,
      "std": 1.234989348088965,
      "count": 24
    },
    "4": {
      "mean": 3.009225012548717,
      "median": 3.045021606555319,
      "std": 1.647158553539498,
      "count": 24
    },
    "6": {
      "mean": 0.20128165166413522,
      "median": 0.06618133945345209,
      "std": 0.26943548127068656,
      "count": 18
    },
    "9": {
      "mean": 13.189295998492232,
      "median": 13.117788324539907,
      "std": 1.2475406496229728,
      "count": 5
    },
    "11": {
      "mean": 6.843100470543161,
      "median": 6.221395465244047,
      "std": 1.674035034176628,
      "count": 20
    },
    "17": {
      "mean": 4.813614383350512,
      "median": 4.524975575984139,
      "std": 0.9619112175378749,
      "count": 15
    },
    "19": {
      "mean": 74.71406225511583,
      "median": 75.00785407983962,
      "std": 2.5772959810955016,
      "count": 43
    },
    "22": {
      "mean": 77.11980624396242,
      "median": 77.60871127529889,
      "std": 1.5931797873578613,
      "count": 43
    },
    "23": {
      "mean": 33.61454829316787,
      "median": 33.79637191878343,
      "std": 7.675721806273941,
      "count": 49
    },
    "30": {
      "mean": 39.07229778264451,
      "median": 35.59074546786182,
      "std": 14.138360785132607,
      "count": 69
    },
    "28": {
      "mean": 25.455319779596305,
      "median": 26.80864636594182,
      "std": 4.535959434422094,
      "count": 20
    }
  },
  "num_registered": 31,
  "num_points": 488
}